timestamp_created,timestamp_post_sentiment,entry_price_created,entry_price_post_sentiment,entry_price_post_sentiment_5,exit_price_post,exit_price_post_5,exit_timestamp_post,exit_timestamp_post_5,exit_reason_post,exit_reason_post_5,action,post_text,source,match_method,match_score
2025-10-01 14:14:20,2025-10-01 14:14:22.850000+00:00,219.15,219.14,219.16,219.88,219.92,2025-10-01 14:27:43,2025-10-01 14:28:02,stop_loss,stop_loss,SHORT,US PAUSES $18B IN NYC INFRASTRUCTURE FUNDING: VOUGHT,Twitter WalterBloomberg,exact_normalized,100.0
2025-10-03 15:31:50,2025-10-03 15:31:53.430000+00:00,232.27,232.25,232.26,233.77,233.73,2025-10-03 15:46:53,2025-10-03 15:46:58,hold_time,hold_time,LONG,"CHINA PUSHES TRUMP TO DROP CURBS AS IT DANGLES INVESTMENT 

China is pushing to roll back restrictions on Chinese deals in the US, dangling the prospect of massive investment package. The demands include lowering tariffs on inputs used by any Chinese factories built in the US as a results.",Twitter WalterBloomberg,exact_normalized,100.0
2025-10-02 10:39:45,2025-10-02 10:39:48.874000+00:00,225.26,225.27,225.38,225.19,225.19,2025-10-02 10:54:48,2025-10-02 10:54:53,hold_time,hold_time,LONG,"US CHALLENGER JOB CUTS SEP: 54,064 (PREV 85,979)",Twitter WalterBloomberg,exact_normalized,100.0
2025-10-10 14:57:52,2025-10-10 14:58:03.778000+00:00,222.23,221.02,221.12,218.41,218.56,2025-10-10 15:13:03,2025-10-10 15:13:08,hold_time,hold_time,SHORT,"Some very strange things are happening in China! They are becoming very hostile, and sending letters to Countries throughout the World, that they want to impose Export Controls on each and every element of production having to do with Rare Earths, and virtually anything else they can think of, even if it‚Äôs not manufactured in China. Nobody has ever seen anything like this but, essentially, it would ‚Äúclog‚Äù the Markets, and make life difficult for virtually every Country in the World, especially for China. We have been contacted by other Countries who are extremely angry at this great Trade hostility, which came out of nowhere. Our relationship with China over the past six months has been a very good one, thereby making this move on Trade an even more surprising one. I have always felt that they‚Äôve been lying in wait, and now, as usual, I have been proven right! There is no way that China should be allowed to hold the World ‚Äúcaptive,‚Äù but that seems to have been their plan for quite some time, starting with the ‚ÄúMagnets‚Äù and, other Elements that they have quietly amassed into somewhat of a Monopoly position, a rather sinister and hostile move, to say the least. But the U.S. has Monopoly positions also, much stronger and more far reaching than China‚Äôs. I have just not chosen to use them, there was never a reason for me to do so ‚Äî UNTIL NOW! The letter they sent is many pages long, and details, with great specificity, each and every Element that they want to withhold from other Nations. Things that were routine are no longer routine at all. I have not spoken to President Xi because there was no reason to do so. This was a real surprise, not only to me, but to all the Leaders of the Free World. I was to meet President Xi¬†in two weeks, at APEC,¬†in South Korea, but now there seems to be no reason to do so. The Chinese letters were especially inappropriate in that this was the Day that, after three thousand years of bedlam and fighting, there is PEACE IN THE MIDDLE EAST. I wonder if that timing was coincidental? Dependent on what China says about the hostile ‚Äúorder‚Äù that they have just put out, I will be forced, as President of the United States of America, to financially counter their move. For every Element that they have been able to monopolize, we have two. I never thought it would come to this but perhaps,¬†as with all things, the time has come. Ultimately, though potentially painful, it will be a very good thing, in the end, for the U.S.A. One of the Policies that we are calculating at this moment is a massive increase of Tariffs on Chinese products coming into the United States of America. There are many other countermeasures that are, likewise, under serious consideration. Thank you for your attention to this matter! ¬† DONALD J. TRUMP, PRESIDENT OF THE UNITED STATES OF AMERICA",Donald J. Trump,exact_normalized,100.0
2025-10-14 23:26:43,2025-10-14 23:26:51.268000+00:00,202.83,202.79,202.99,202.64,202.67,2025-10-14 23:41:51,2025-10-14 23:41:56,hold_time,hold_time,LONG,"Congressman Bob Onder is a MAGA Warrior who is doing a fantastic job representing Missouri‚Äôs 3rd Congressional District! ¬† A Proven Leader, Bob has served his Community as a Physician, Attorney, and Highly Respected State Legislator, prior to becoming a distinguished Congressman. In Congress, he is working tirelessly to Grow our Economy, Cut Taxes and Regulations, Promote School Choice, Champion American Energy DOMINANCE, Keep our now very Secure Border, SECURE, Stop Migrant Crime, Strengthen our Military/Veterans, and Protect our always under siege Second Amendment. ¬† Dr. Bob Onder has my Complete and Total Endorsement for Re-Election ‚Äî HE WILL NEVER LET YOU DOWN!",Donald J. Trump,exact_normalized,100.0
2025-10-24 13:45:00,2025-10-24 13:45:06.156000+00:00,191.73,191.48,191.66,190.79,190.9,2025-10-24 13:52:09,2025-10-24 13:48:49,stop_loss,stop_loss,LONG,*US S&P OCT. COMPOSITE PMI AT 54.8; PREV. 53.9 [US S&P Composite PMI Flash],Economic Event,exact_normalized,100.0
2025-10-24 06:00:01,2025-10-24 06:00:05.902000+00:00,193.24,193.2,193.59,192.53,192.92,2025-10-24 06:08:17,2025-10-24 06:07:07,stop_loss,stop_loss,LONG,*UK SEPT. CORE RETAIL SALES RISE 0.6% M/M; EST. -0.6% [UK Core Retail Sales MoM],Economic Event,exact_normalized,100.0
2025-10-21 20:51:51,2025-10-21 20:51:52.885000+00:00,191.43,191.45,191.51,191.53,191.53,2025-10-21 21:06:52,2025-10-21 21:06:57,hold_time,hold_time,LONG,*Trump Administration to Release Over $3 Billion in Farm Aid Frozen by Shutdown -- WSJ,DJ,exact_raw,100.0
2025-10-22 21:34:10,2025-10-22 21:34:13.490000+00:00,177.96,177.8,177.62,178.39,178.24,2025-10-22 21:41:44,2025-10-22 21:40:11,stop_loss,stop_loss,SHORT,"TRUMP: AS OF TODAY, STOPPED ALL PAYMENTS GOING TO COLOMBIA",Twitter WalterBloomberg,exact_normalized,100.0
2025-10-21 23:08:26,2025-10-21 23:08:33.349000+00:00,188.63,188.67,188.75,188.03,188.12,2025-10-21 23:15:01,2025-10-21 23:13:43,stop_loss,stop_loss,LONG,"Congressman Paul Gosar, D.D.S., is an America First Patriot, who is doing a fantastic job representing Arizona‚Äôs 9th Congressional District! ¬† A MAGA Warrior, who has been with us from the very beginning, Paul is working hard to Grow our Economy, Cut Taxes and Regulations, Promote MADE IN THE U.S.A., Advance American Energy DOMINANCE, Keep our now very Secure Border, SECURE, Support our Brave Military/Veterans, and Protect our always under siege Second Amendment. ¬† Dr. Paul Gosar has my Complete and Total Endorsement for Re-Election ‚Äî HE WILL NEVER LET YOU DOWN!",Donald J. Trump,exact_normalized,100.0
2025-10-10 14:57:52,2025-10-10 14:59:16.052000+00:00,222.23,220.25,220.03,218.6,218.54,2025-10-10 15:14:16,2025-10-10 15:14:21,hold_time,hold_time,SHORT,"Some very strange things are happening in China! They are becoming very hostile, and sending letters to Countries throughout the World, that they want to impose Export Controls on each and every element of production having to do with Rare Earths, and virtually anything else they can think of, even if it‚Äôs not manufactured in China. Nobody has ever seen anything like this but, essentially, it would ‚Äúclog‚Äù the Markets, and make life difficult for virtually every Country in the World, especially for China. We have been contacted by other Countries who are extremely angry at this great Trade hostility, which came out of nowhere. Our relationship with China over the past six months has been a very good one, thereby making this move on Trade an even more surprising one. I have always felt that they‚Äôve been lying in wait, and now, as usual, I have been proven right! There is no way that China should be allowed to hold the World ‚Äúcaptive,‚Äù but that seems to have been their plan for quite some time, starting with the ‚ÄúMagnets‚Äù and, other Elements that they have quietly amassed into somewhat of a Monopoly position, a rather sinister and hostile move, to say the least. But the U.S. has Monopoly positions also, much stronger and more far reaching than China‚Äôs. I have just not chosen to use them, there was never a reason for me to do so ‚Äî UNTIL NOW! The letter they sent is many pages long, and details, with great specificity, each and every Element that they want to withhold from other Nations. Things that were routine are no longer routine at all. I have not spoken to President Xi because there was no reason to do so. This was a real surprise, not only to me, but to all the Leaders of the Free World. I was to meet President Xi¬†in two weeks, at APEC,¬†in South Korea, but now there seems to be no reason to do so. The Chinese letters were especially inappropriate in that this was the Day that, after three thousand years of bedlam and fighting, there is PEACE IN THE MIDDLE EAST. I wonder if that timing was coincidental? Dependent on what China says about the hostile ‚Äúorder‚Äù that they have just put out, I will be forced, as President of the United States of America, to financially counter their move. For every Element that they have been able to monopolize, we have two. I never thought it would come to this but perhaps,¬†as with all things, the time has come. Ultimately, though potentially painful, it will be a very good thing, in the end, for the U.S.A. One of the Policies that we are calculating at this moment is a massive increase of Tariffs on Chinese products coming into the United States of America. There are many other countermeasures that are, likewise, under serious consideration. Thank you for your attention to this matter!¬†DONALD J. TRUMP, PRESIDENT OF THE UNITED STATES OF AMERICA",Twitter realDonaldTrump,exact_normalized,100.0
2025-10-07 13:00:44,2025-10-07 13:00:47.806000+00:00,231.3,231.27,231.24,230.78,230.78,2025-10-07 13:15:47,2025-10-07 13:15:52,hold_time,hold_time,SHORT,"WTO SEES GLOBAL GOODS TRADE RISING 0.5% IN 2026, HAD SEEN 1.8% RISE",Twitter WalterBloomberg,exact_normalized,100.0
2025-10-17 16:40:27,2025-10-17 16:40:45.373000+00:00,183.32,183.11,183.09,181.88,181.81,2025-10-17 16:55:45,2025-10-17 16:55:50,hold_time,hold_time,SHORT,"CRYPTO LIQUIDATIONS HIT $1.2B AS BITCOIN SLIDES

Crypto liquidations surged to $1.2 billion in 24 hours, led by $458 million in bitcoin positions, mostly longs. Bitcoin fell to $103,856, its lowest since July, while Ethereum saw $278 million in liquidations.

FG Nexus‚Äôs Maja Vujinovic said the drop reflects a ‚Äúrisk-off‚Äù shift, with leveraged longs unwinding as investors flee to gold.",Twitter WalterBloomberg,exact_normalized,100.0
2025-10-08 12:19:54,2025-10-08 12:20:09.124000+00:00,221.4,221.4,221.36,221.94,221.9,2025-10-08 12:35:09,2025-10-08 12:35:14,hold_time,hold_time,SHORT,Chicago Mayor should be in jail for failing to protect Ice Officers! Governor Pritzker also!,Donald J. Trump,exact_normalized,100.0
2025-10-09 11:43:35,2025-10-09 11:44:04.257000+00:00,223.49,223.53,223.63,223.05,223.0,2025-10-09 11:59:04,2025-10-09 11:59:09,hold_time,hold_time,LONG,"United States Ambassador Mike Huckabee is AMAZING! He worked so hard, and did so much, to bring about Peace in the Middle East. He has very quickly become a Great Man. Thank you Mike!",Donald J. Trump,exact_normalized,100.0
2025-10-13 14:17:37,2025-10-13 14:19:08.862000+00:00,194.96,194.83,194.82,194.17,194.17,2025-10-13 14:20:50,2025-10-13 14:20:50,stop_loss,stop_loss,LONG,"Hugely excited about the establishment of Aria Foundation. I am so thrilled about what they have ready for $IP community and their initial $APL investors. <br/><br/>The foundation's mission is to advance the $80T IP asset class. That asset class will be tokenized, liquid, and investable at a global scale. It's the most exciting RWA beyond stablecoins and T-bills. <br/><br/>They already brought incredible IP onchain from K-pop singers like Blackpink and BTS and pop icons like Justin Bieber and Madonna. <br/><br/>$100M TVL incoming with their partnership with Content Technologies in Korea.<br/><br/>Soon, everyone will be able to participate in the IP RWA economy through Aria Foundation's highly anticipated news for its community and $IP members. Coin CEO",Twitter storysylee,fuzzy,99.37282229965156
2025-10-20 15:52:21,2025-10-20 15:52:30.692000+00:00,191.79,191.59,191.67,189.29,189.28,2025-10-20 16:07:30,2025-10-20 16:07:35,hold_time,hold_time,SHORT,*TRUMP: CHINA MAY PAY 155% TARIFF IF NO DEAL BY NOV 1,Bloomberg,exact_raw,100.0
2025-10-24 06:00:01,2025-10-24 06:00:06.164000+00:00,193.24,193.16,193.51,192.52,192.85,2025-10-24 06:08:19,2025-10-24 06:07:11,stop_loss,stop_loss,LONG,*UK SEPT. CORE RETAIL SALES RISE 2.3% Y/Y; EST. +0.7% [UK Core Retail Sales YoY],Economic Event,exact_normalized,100.0
2025-10-22 01:00:17,2025-10-22 01:00:21.655000+00:00,185.55,185.57,185.73,186.42,186.42,2025-10-22 01:15:21,2025-10-22 01:15:26,hold_time,hold_time,LONG,"*INDIA, US TRADE DEAL LIKELY SOON WITH TARIFF CUTS: MINT

*INDIA TRADE DEAL MAY SEE EXPORT TARIFF RATE CUT TO 15-16%: MINT",Twitter WalterBloomberg,exact_normalized,100.0
2025-10-01 11:58:24,2025-10-01 11:58:27.925000+00:00,217.61,217.59,217.62,217.48,217.48,2025-10-01 12:13:27,2025-10-01 12:13:32,hold_time,hold_time,SHORT,TRUMP EXECUTIVE ORDER REGARDS ATTACK ON QATAR AS THREAT TO US,Twitter WalterBloomberg,exact_normalized,100.0
2025-10-24 12:30:06,2025-10-24 12:30:13.928000+00:00,195.0,194.11,194.74,193.28,193.81,2025-10-24 12:33:42,2025-10-24 12:33:37,stop_loss,stop_loss,LONG,*US SEPT. CORE CPI RISES 3% Y/Y; EST. +3.1% [US Core CPI YoY],Economic Event,exact_normalized,100.0
2025-10-05 15:43:27,2025-10-05 15:43:43.781000+00:00,230.03,229.84,229.71,230.01,230.01,2025-10-05 15:58:43,2025-10-05 15:58:48,hold_time,hold_time,SHORT,"It has just come out that the Radical Left Lunatic, Jay Jones, who is running against Jason Miyares, the GREAT Attorney General in Virginia, made SICK and DEMENTED jokes, if they were jokes at all, which were not funny, and that he wrote down and sent around to people, concerning the murdering of a Republican Legislator, his wife, and their children. Abigail Spanberger, who is running for Governor, is weak and ineffective, and refuses to acknowledge what this Lunatic has done. Even Democrats are saying it is ‚ÄúRESIGNATION FROM CAMPAIGN‚Äù TERRITORY. Democrat Jay Jones should drop out of the Race, IMMEDIATELY, and the People of Virginia must continue to have a GREAT Attorney General in Jason Miyares who, by the way, has my Complete and Total Endorsement ‚Äî JASON WILL NEVER LET YOU DOWN!",Donald J. Trump,exact_normalized,100.0
2025-10-23 05:00:00,2025-10-23 05:00:03.925000+00:00,183.95,183.94,184.06,184.47,184.44,2025-10-23 05:15:03,2025-10-23 05:15:08,hold_time,hold_time,LONG,*SINGAPORE SEPT. CORE CPI RISES 0.4% Y/Y; EST. +0.2% [Singapore Core CPI YoY],Economic Event,exact_normalized,100.0
2025-10-10 21:03:36,2025-10-10 21:03:40.365000+00:00,197.95,197.97,197.79,160.66,154.71,2025-10-10 21:18:40,2025-10-10 21:18:45,hold_time,hold_time,SHORT,*US TO IMPOSE EXPORT CURBS ON CRITICAL SOFTWARE TO CHINA NOV 1,Twitter WalterBloomberg,exact_normalized,100.0
2025-10-19 13:58:26,2025-10-19 12:45:34.583000+00:00,190.68,188.41,188.31,188.71,188.89,2025-10-19 13:00:34,2025-10-19 13:00:39,hold_time,hold_time,SHORT,"President Gustavo Petro, of Columbia, is an illegal drug leader strongly encouraging the massive production of drugs, in big and small fields, all over Columbia. It has become the biggest business in Columbia, by far, and Petro does nothing to stop it, despite large scale payments and subsidies from the USA that are nothing more than a long term rip off of America. AS OF TODAY, THESE PAYMENTS, OR ANY OTHER FORM OF PAYMENT, OR SUBSIDIES, WILL NO LONGER BE MADE TO COLUMBIA. The purpose of this drug production is the sale of massive amounts of product into the United States, causing death, destruction, and havoc. Petro, a low rated and very unpopular leader, with a fresh mouth toward America, better close up these killing fields immediately, or the United States will close them up for him, and it won‚Äôt be done nicely. Thank you for your attention to this matter! President Donald J. Trump",Donald J. Trump,fuzzy,99.55406911928651
2025-10-25 12:46:18,2025-10-25 12:46:11.709000+00:00,193.87,193.88,193.88,193.66,193.6,2025-10-25 13:01:11,2025-10-25 13:01:16,hold_time,hold_time,LONG,"Congressman Randy Fine is a MAGA Warrior who is doing a fantastic job representing Florida‚Äôs 6th Congressional District! ¬† A Harvard Educated and Successful Businessman, Randy was a Highly Respected State Legislator, prior to becoming a distinguished U.S. Congressman. He loves the Great People of the Sunshine State, which I won THREE TIMES in 2016, 2020, and 2024! In Congress, Randy is fighting tirelessly to Grow our Economy, Cut Taxes and Regulations, Promote MADE IN THE U.S.A., Advance American Energy DOMINANCE, Keep our now very Secure Border, SECURE, Stop Migrant Crime, Champion our Military/Veterans, Defend our always under siege Second Amendment, and Restore PEACE THROUGH STRENGTH. ¬† Randy Fine has my Complete and Total Endorsement ‚Äì HE WILL NOT LET YOU DOWN!",Donald J. Trump,exact_normalized,100.0
2025-10-22 14:30:02,2025-10-22 14:30:04.227000+00:00,182.36,182.42,182.64,181.76,182.02,2025-10-22 14:31:22,2025-10-22 14:30:57,stop_loss,stop_loss,LONG,*US CRUDE OIL INVENTORIES FELL 0.961M BARRELS; EST. +1.205M [US EIA Crude Oil Inventories],Economic Event,exact_normalized,100.0
2025-10-25 12:47:16,2025-10-25 12:47:30.043000+00:00,193.82,193.89,193.89,193.61,193.59,2025-10-25 13:02:30,2025-10-25 13:02:35,hold_time,hold_time,LONG,"Congresswoman Lisa McClain is a Fantastic Advocate for the Great People of Michigan‚Äôs 9th Congressional District! ¬† As the Chair of the House Republican Conference, Lisa is doing a truly fantastic job advancing our America First Agenda. She is working tirelessly to Grow our Economy, Cut Taxes and Regulations, Champion our Great Farmers and American Agriculture, Promote MADE IN THE U.S.A., Advance American Energy DOMINANCE, Keep our now very Secure Border, SECURE, Stop Migrant Crime, Ensure LAW AND ORDER, Strengthen our Incredible Military/Veterans, and Defend our always under siege Second Amendment. ¬† Lisa McClain has my Complete and Total Endorsement for Re-Election ‚Äî SHE WILL NEVER LET YOU DOWN!",Donald J. Trump,exact_normalized,100.0
2025-09-29 14:00:00,2025-09-29 14:00:25.798000+00:00,208.77,208.81,208.96,211.05,211.23,2025-09-29 14:15:25,2025-09-29 14:15:30,hold_time,hold_time,LONG,*US AUG. PENDING HOME SALES RISE 4% M/M; EST. 0.3%,Twitter WalterBloomberg,exact_raw,100.0
2025-10-15 04:01:17,2025-10-15 04:01:27.950000+00:00,201.31,201.32,201.26,201.32,201.28,2025-10-15 04:16:27,2025-10-15 04:16:32,hold_time,hold_time,SHORT,So terrible! https://justthenews.com/government/congress/congress-collected-30-million-lines-phone-data-trump-j6-probe-raising-civil,Donald J. Trump,exact_normalized,100.0
2025-10-08 12:55:52,2025-10-08 12:56:00.829000+00:00,221.71,221.68,221.69,221.83,221.86,2025-10-08 13:11:00,2025-10-08 13:11:05,hold_time,hold_time,LONG,"$TSLA - STIFEL RAISES TESLA TARGET TO $483 ON FSD, ROBOTAXI PROGRESS

Stifel lifted its Tesla price target to $483 from $440, citing growing confidence in its Full Self-Driving and Robotaxi efforts.

The firm expects Unsupervised FSD in the U.S. by late 2025 and sees strong upside from Robotaxis and Optimus.

Tesla‚Äôs Robotaxi service launched in Austin and is expanding testing in several states. Support from the Trump administration could further speed adoption.",Twitter WalterBloomberg,exact_normalized,100.0
2025-10-17 12:14:02,2025-10-17 12:14:09.292000+00:00,181.15,181.2,180.83,181.83,181.46,2025-10-17 12:22:40,2025-10-17 12:18:07,stop_loss,stop_loss,SHORT,üö®üö® *CHINA HAS RIGHT TO TAKE COUNTERMEASURES AGAINST US: MINISTER,Twitter WalterBloomberg,exact_normalized,100.0
2025-10-15 12:30:00,2025-10-15 12:31:31.261000+00:00,201.69,201.9,202.02,202.87,202.73,2025-10-15 12:46:31,2025-10-15 12:46:36,hold_time,hold_time,LONG,*US OCT. EMPIRE STATE FACTORY INDEX AT 10.7; EST. -1.4,Twitter WalterBloomberg,exact_raw,100.0
2025-09-29 14:32:01,2025-09-29 14:32:05.153000+00:00,210.9,210.95,210.9,211.67,211.63,2025-09-29 14:46:42,2025-09-29 14:46:41,stop_loss,stop_loss,SHORT,*US SEPT. DALLAS FED MANUFACTURING INDEX -8.7; EST. -1.0,Twitter WalterBloomberg,exact_normalized,100.0
2025-10-24 03:15:50,2025-10-24 02:39:21.207000+00:00,191.72,191.92,191.72,192.57,192.36,2025-10-24 02:42:31,2025-10-24 02:42:14,stop_loss,stop_loss,SHORT,"The Ronald Reagan Foundation has just announced that Canada has fraudulently used an advertisement, which is FAKE, featuring Ronald Reagan speaking negatively about Tariffs. The ad was for $75,000. They only did this to interfere with the decision of the U.S. Supreme Court, and other courts. TARIFFS ARE VERY IMPORTANT TO THE NATIONAL SECURITY, AND ECONOMY, OF THE U.S.A. Based on their egregious behavior, ALL TRADE NEGOTIATIONS WITH CANADA ARE HEREBY TERMINATED. Thank you for your attention to this matter! President DJT",Donald J. Trump,fuzzy,99.61977186311786
2025-10-24 12:30:02,2025-10-24 12:30:06.407000+00:00,193.88,195.0,194.41,194.11,193.68,2025-10-24 12:30:13,2025-10-24 12:33:38,stop_loss,stop_loss,LONG,U.S. CPI: +3% YEAR-OVER-YEAR (EST. +3.1%)<br/>U.S. CORE CPI: +3% YEAR-OVER-YEAR (EST. +3.1%),Twitter treenewsfeed,exact_raw,100.0
2025-10-25 04:52:00,2025-10-25 04:52:11.811000+00:00,193.72,193.73,193.88,194.17,194.19,2025-10-25 05:07:11,2025-10-25 05:07:16,hold_time,hold_time,LONG,"Congressman Nick Langworthy is an America First Patriot, who is doing a fantastic job representing New York‚Äôs 23rd Congressional District! ¬† Nick served as the powerful Chairman of the New York Republican State Committee, prior to becoming a very distinguished and respected U.S. Congressman. A MAGA Warrior, who has been with us from the very beginning, Nick is working hard to Grow our Economy, Cut Taxes and Regulations, Promote MADE IN THE U.S.A., Advance American Energy DOMINANCE, Keep our now very Secure Border, SECURE, Support our Brave Military/Veterans, and Defend our always under siege Second Amendment. ¬† Nick Langworthy has my Complete and Total Endorsement for Re-Election ‚Äî HE WILL NEVER LET YOU DOWN!",Donald J. Trump,exact_normalized,100.0
2025-10-21 12:30:00,2025-10-21 12:30:03.233000+00:00,186.73,186.73,186.76,187.44,187.44,2025-10-21 12:41:06,2025-10-21 12:41:06,stop_loss,stop_loss,SHORT,*CANADA SEPT. MEDIAN CPI RISES 3.2% Y/Y; EST. +3.0% [Canada CPI Median YoY],Economic Event,exact_normalized,100.0
2025-10-19 13:58:26,2025-10-19 13:58:32.730000+00:00,190.68,190.64,190.41,190.26,190.27,2025-10-19 14:13:32,2025-10-19 14:13:37,hold_time,hold_time,SHORT,"President Gustavo Petro, of Colombia, is an illegal drug leader strongly encouraging the massive production of drugs, in big and small fields, all over Colombia. It has become the biggest business in Colombia, by far, and Petro does nothing to stop it, despite large scale payments and subsidies from the USA that are nothing more than a long term rip off of America. AS OF TODAY, THESE PAYMENTS, OR ANY OTHER FORM OF PAYMENT, OR SUBSIDIES, WILL NO LONGER BE MADE TO COLOMBIA. The purpose of this drug production is the sale of massive amounts of product into the United States, causing death, destruction, and havoc. Petro, a low rated and very unpopular leader, with a fresh mouth toward America, better close up these killing fields immediately, or the United States will close them up for him, and it won‚Äôt be done nicely. Thank you for your attention to this matter! President Donald J. Trump",Donald J. Trump,exact_normalized,100.0
2025-10-15 12:43:00,2025-10-15 12:43:02.848000+00:00,202.65,202.65,202.73,202.88,202.99,2025-10-15 12:58:02,2025-10-15 12:58:07,hold_time,hold_time,LONG,BESSENT: ABOUT TO FINISH TRADE DEAL WITH SOUTH KOREA,Twitter WalterBloomberg,exact_normalized,100.0
2025-10-01 14:06:56,2025-10-01 14:06:59.665000+00:00,219.53,219.55,219.75,219.15,218.97,2025-10-01 14:21:59,2025-10-01 14:08:07,hold_time,stop_loss,LONG,"BITCOIN JUMPS ON WEAK JOBS DATA, FED CUT BETS

Bitcoin hit a two-week high of $116,910 after ADP reported a 32,000 job loss in September (vs. +45,000 expected), fueling expectations of a Fed rate cut on Oct. 29. Lower rates support risk assets, while seasonality also favors crypto‚ÄîBitcoin has gained in 10 of the past 12 Octobers.",Twitter WalterBloomberg,exact_normalized,100.0
2025-10-07 16:24:27,2025-10-07 16:24:30.169000+00:00,222.61,222.63,222.58,223.37,223.33,2025-10-07 16:27:25,2025-10-07 16:27:23,stop_loss,stop_loss,SHORT,TRUMP: WILL HAVE TARIFFS WITH CANADA,Twitter WalterBloomberg,exact_normalized,100.0
2025-10-25 12:45:27,2025-10-25 12:45:37.515000+00:00,193.97,193.91,193.89,193.84,193.84,2025-10-25 13:00:37,2025-10-25 13:00:42,hold_time,hold_time,LONG,"Congressman Jeff Hurd is an incredible Representative for the Great People of Colorado‚Äôs 3rd Congressional District! ¬† Jeff has a strong Record of SUCCESS, and resounding support from his Community. In Congress, he is fighting tirelessly to Keep our now very Secure Border, SECURE, Support our Incredible Military/Veterans, Advance American Energy DOMINANCE, Grow the Economy, Cut Taxes and Regulations, Promote MADE IN THE U.S.A., Defend our always under siege Second Amendment, and Ensure PEACE THROUGH STRENGTH. ¬† Jeff Hurd has my Complete and Total Endorsement for Re-Election ‚Äî HE WILL NOT LET YOU DOWN!",Donald J. Trump,exact_normalized,100.0
2025-10-13 14:31:48,2025-10-13 14:32:20.655000+00:00,192.66,192.81,192.48,193.51,193.18,2025-10-13 14:33:14,2025-10-13 14:32:40,stop_loss,stop_loss,SHORT,"*CHINA URGES US TO DROP 100% TARIFF THREAT: FORTUNE<br/>*CHINA CALLS ON US TO 'CORRECT ERRONEOUS PRACTICES': FORTUNE<br/>*CHINA WARNS OF 'RESOLUTE MEASURES' IF US INSISTS ON TARIFFS: FORTUNE<br/>*CHINESE EXPORTS TO US FELL 27% IN SEPT: FORTUNE<br/><br/>- China has called on US President Donald Trump to withdraw his latest threat of a 100% tariff and other export control measures announced over the weekend.<br/>- The tariff threat on all Chinese imports followed China's stricter restrictions on rare earths, a vital resource for electronics, which Trump called an ""out of the blue"" move.<br/>- China's Ministry of Commerce stated that the US actions were ""severely damaging the atmosphere of trade negotiations,"" and a Ministry of Foreign Affairs spokesman warned of ""resolute measures"" if the US persists.<br/>- Economic indicators show the impact of retaliatory actions, with Chinese trade data revealing that exports to the US have fallen for six consecutive months, dropping 27% in September year-over-year.",News Summary,exact_raw,100.0
2025-10-17 09:00:01,2025-10-17 09:00:10.972000+00:00,175.47,175.42,175.56,176.06,176.16,2025-10-17 09:01:16,2025-10-17 09:01:19,stop_loss,stop_loss,SHORT,*EURO AREA FINAL SEPT. CORE CPI RISES 2.4% Y/Y; EST. +2.3% [Eurozone Core CPI YoY Final],Economic Event,exact_normalized,100.0
2025-10-13 18:14:46,2025-10-13 18:14:49.769000+00:00,204.33,204.35,204.51,206.16,206.06,2025-10-13 18:29:49,2025-10-13 18:29:54,hold_time,hold_time,LONG,"TRUMP: ‚ÄòNO WORLD WAR III IF WE‚ÄôRE SMART‚Äô

U.S. President Donald Trump said Monday that a new world war can be avoided ‚Äúif we‚Äôre smart.‚Äù
At the peace summit in Sharm el-Sheikh, he called the Israel‚ÄìHamas peace deal signed today a ‚Äúhistoric breakthrough,‚Äù adding it ensures any future global conflict ‚Äúwon‚Äôt start in the Middle East.‚Äù
‚ÄúThe greatest deals just happen,‚Äù Trump said. ‚ÄúMaybe this is the greatest one of all.‚Äù",Twitter WalterBloomberg,exact_normalized,100.0
2025-10-24 12:30:52,2025-10-24 12:30:56.560000+00:00,195.9,195.62,195.51,194.93,194.85,2025-10-24 12:31:56,2025-10-24 12:33:15,stop_loss,stop_loss,LONG,"*US SEPT. CONSUMER PRICES RISE 0.3% M/M; EST. +0.4%
*US SEPT. CONSUMER PRICES RISE 3% Y/Y; EST. +3.1%

*US SEPT. CORE CPI RISES 0.2% M/M; EST. +0.3%
*US SEPT. CORE CPI RISES 3% Y/Y; EST. +3.1%",Twitter WalterBloomberg,exact_normalized,100.0
2025-10-10 21:03:50,2025-10-10 21:03:55.077000+00:00,197.93,197.7,198.0,198.36,154.31,2025-10-10 21:04:18,2025-10-10 21:19:00,stop_loss,hold_time,SHORT,"*TRUMP: US WILL IMPOSE 100% TARIFF ON CHINA STARTING NOV 1

*TRUMP: US TARIFF ACTION BASED ON CHINA'S EXPORT CONTROLS",Twitter WalterBloomberg,exact_normalized,100.0
2025-10-25 12:44:38,2025-10-25 12:44:44.379000+00:00,193.57,193.6,193.68,193.83,193.81,2025-10-25 12:59:44,2025-10-25 12:59:49,hold_time,hold_time,LONG,"Congressman Darin LaHood is a Tremendous Champion for Illinois‚Äô 16th Congressional District! ¬† As a Member of the POWERFUL House Ways & Means Committee, Darin understands the America First Policies required to Create GREAT Jobs, Cut Taxes and Regulations, Advance American Energy DOMINANCE, Promote MADE IN THE U.S.A., and Champion our Nation‚Äôs Golden Age. He is fighting tirelessly to Keep our now very Secure Border, SECURE, Stop Migrant Crime, Strengthen our Brave Military/Veterans, and Defend our always under siege Second Amendment. ¬† Darin LaHood has my Complete and Total Endorsement for Re-Election ‚Äî HE WILL NEVER LET YOU DOWN!",Donald J. Trump,fuzzy,99.68503937007874
2025-10-24 11:29:05,2025-10-24 11:29:14.417000+00:00,191.53,191.53,191.62,190.87,190.93,2025-10-24 11:33:32,2025-10-24 11:33:31,stop_loss,stop_loss,LONG,"THE UNITED STATES IS WEALTHY, POWERFUL, AND NATIONALLY SECURE AGAIN, ALL BECAUSE OF TARIFFS! THE MOST IMPORTANT CASE EVER IS IN THE UNITED STATES SUPREME COURT. GOD BLESS AMERICA!!!",Donald J. Trump,exact_normalized,100.0
2025-10-10 21:02:58,2025-10-10 21:03:02.487000+00:00,197.49,197.84,197.68,198.53,198.45,2025-10-10 21:03:26,2025-10-10 21:03:18,stop_loss,stop_loss,SHORT,"TRUMP: UNITED STATES OF AMERICA WILL IMPOSE A TARIFF OF 100% ON CHINA, OVER AND ABOVE ANY TARIFF THAT THEY ARE CURRENTLY PAYING",Twitter WalterBloomberg,exact_normalized,100.0
2025-10-25 12:44:13,2025-10-25 12:44:20.049000+00:00,193.43,193.41,193.53,193.83,193.88,2025-10-25 12:59:20,2025-10-25 12:59:25,hold_time,hold_time,LONG,"Congressman Mike Ezell is a fantastic Representative for the wonderful People of Mississippi‚Äôs 4th Congressional District! ¬† As the former Sheriff of Jackson County, and now, Highly Respected U.S. Congressman, Mike strongly supports our incredible Law Enforcement, Military, and Veterans, and knows the Wisdom and Courage it takes to Ensure LAW AND ORDER. In Congress, he is working tirelessly to Keep our now very Secure Border, SECURE, Stop Migrant Crime, Grow our Economy, Cut Taxes and Regulations, Promote MADE IN THE U.S.A., Champion American Energy DOMINANCE, and Defend our always under siege Second Amendment. ¬† Mike Ezell has my Complete and Total Endorsement for Re-Election ‚Äî HE WILL NEVER LET YOU DOWN!",Donald J. Trump,exact_normalized,100.0
2025-10-09 16:56:46,2025-10-09 16:56:50.863000+00:00,218.03,218.0,217.92,217.28,217.2,2025-10-09 16:58:40,2025-10-09 16:58:43,stop_loss,stop_loss,LONG,"BRENT, US CRUDE FUTURES FALL BY OVER $1 AFTER GAZA CEASEFIRE DEAL",Twitter WalterBloomberg,exact_normalized,100.0
2025-10-24 03:15:50,2025-10-24 03:15:58.827000+00:00,191.72,191.76,191.73,191.46,191.44,2025-10-24 03:30:58,2025-10-24 03:31:03,hold_time,hold_time,SHORT,"The Ronald Reagan Foundation has just announced that Canada has fraudulently used an advertisement, which is FAKE, featuring Ronald Reagan speaking negatively about Tariffs. The ad was for $75,000,000. They only did this to interfere with the decision of the U.S. Supreme Court, and other courts. TARIFFS ARE VERY IMPORTANT TO THE NATIONAL SECURITY, AND ECONOMY, OF THE U.S.A. Based on their egregious behavior, ALL TRADE NEGOTIATIONS WITH CANADA ARE HEREBY TERMINATED. Thank you for your attention to this matter! President DJT",Donald J. Trump,exact_normalized,100.0
2025-10-08 14:57:35,2025-10-08 14:57:42.565000+00:00,219.59,219.57,219.63,221.01,220.99,2025-10-08 15:12:42,2025-10-08 15:12:47,hold_time,hold_time,LONG,"Congressman Chris Smith is a fantastic Representative for the wonderful people of New Jersey‚Äôs 4th Congressional District! ¬† As a Senior Member of the House Committee on Foreign Affairs, Chris is fighting tirelessly to advance our America First Agenda. He is working hard to Grow our Economy, Create GREAT Jobs, Promote MADE IN THE U.S.A., Champion American Energy DOMINANCE, Help Secure our already Secure Border, Strengthen our Military/Veterans, Defend our always under siege Second Amendment, and Ensure PEACE THROUGH STRENGTH. ¬† Chris Smith has my Complete and Total Endorsement for Re-Election ‚Äî HE WILL NOT LET YOU DOWN!",Donald J. Trump,exact_normalized,100.0
2025-09-30 15:54:43,2025-09-30 15:54:46.800000+00:00,205.56,205.55,205.65,205.01,204.97,2025-09-30 16:09:46,2025-09-30 16:09:31,hold_time,stop_loss,LONG,TRUMP: PFIZER TO INVEST $70B IN US,Twitter WalterBloomberg,exact_normalized,100.0
2025-10-25 12:54:52,2025-10-25 12:54:53.342000+00:00,193.8,193.8,193.8,193.11,193.11,2025-10-25 13:07:48,2025-10-25 13:07:48,stop_loss,stop_loss,LONG,"Congressman Jack Bergman is a Tremendous Champion for the Great People of Michigan's 1st Congressional District! ¬† A retired Lieutenant General of the U.S. Marine Corps, Jack bravely served our Nation in combat, and continues to make our Country proud in Congress. Jack is fighting tirelessly to Champion our Amazing Farmers and Ranchers, Advocate for the Working Men and Women of Michigan, Promote MADE IN THE U.S.A., Cut Taxes and Regulations, Advance American Energy DOMINANCE, Keep our now very Secure Border, SECURE, Stop Migrant Crime, Strengthen our Military/Veterans, and Defend our always under siege Second Amendment. ¬† Jack Bergman has my Complete and Total Endorsement ‚Äì HE WILL NEVER LET YOU DOWN!",Donald J. Trump,exact_normalized,100.0
2025-09-30 13:56:23,2025-09-30 13:56:25.980000+00:00,208.0,208.04,208.06,207.34,207.34,2025-09-30 14:00:51,2025-09-30 14:00:51,stop_loss,stop_loss,LONG,üö® TRUMP: I'VE COMMITTED TO SPENDING OVER $1T ON MILITARY IN 2026,Twitter WalterBloomberg,exact_normalized,100.0
2025-09-29 12:56:03,2025-09-29 12:56:10.158000+00:00,205.74,205.57,205.52,205.19,205.1,2025-09-29 13:11:10,2025-09-29 13:11:15,hold_time,hold_time,SHORT,"Our movie making business has been stolen from the United States of America, by other Countries, just like stealing ‚Äúcandy from a baby.‚Äù California, with its weak and incompetent Governor, has been particularly hard hit! Therefore, in order to solve this long time, never ending problem, I will be imposing a 100% Tariff on any and all movies that are made outside of the United States. Thank you for your attention to this matter. MAKE AMERICA GREAT AGAIN! President DJT",Donald J. Trump,exact_normalized,100.0
2025-10-10 20:50:01,2025-10-10 20:50:11.517000+00:00,207.01,206.35,205.8,197.75,197.43,2025-10-10 21:05:11,2025-10-10 21:05:16,hold_time,hold_time,SHORT,"It has just been learned that China has taken an extraordinarily aggressive position on Trade in sending an extremely hostile letter to the World, stating that they were going to, effective November 1st, 2025, impose large scale Export Controls on virtually every product they make, and some not even made by them. This affects ALL Countries, without exception, and was obviously a plan devised by them years ago. It is absolutely unheard of in International Trade, and a moral disgrace in dealing with other Nations.

Based on the fact that China has taken this unprecedented position, and speaking only for the U.S.A., and not other Nations who were similarly threatened, starting November 1st, 2025 (or sooner, depending on any further actions or changes taken by China), the United States of America will impose a Tariff of 100% on China, over and above any Tariff that they are currently paying. Also on November 1st, we will impose Export Controls on any and all critical software.

It is impossible to believe that China would have taken such an action, but they have, and the rest is History. Thank you for your attention to this matter!

DONALD J. TRUMP PRESIDENT OF THE UNITED STATES OF AMERICA",Donald J. Trump,fuzzy,97.99833194328608
2025-10-22 16:30:49,2025-10-22 16:30:56.602000+00:00,182.89,182.9,182.56,183.51,183.25,2025-10-22 16:33:50,2025-10-22 16:31:18,stop_loss,stop_loss,SHORT,"üö® TRUMP ADMINISTRATION CONSIDERING PLAN TO RESTRICT GLOBALLY PRODUCED EXPORTS TO CHINA MADE WITH OR CONTAINING U.S. SOFTWARE, SOURCES SAY Walter Bloomberg",Twitter deitaone,fuzzy,94.15807560137456
2025-10-07 16:15:41,2025-10-07 16:15:48.313000+00:00,222.94,223.06,222.98,223.03,223.05,2025-10-07 16:30:48,2025-10-07 16:30:53,hold_time,hold_time,SHORT,TRUMP: INSURRECTION ACT HAS BEEN INVOKED BEFORE,Twitter WalterBloomberg,exact_normalized,100.0
2025-10-03 11:34:07,2025-10-03 11:34:10.058000+00:00,229.93,229.91,229.84,230.68,230.62,2025-10-03 11:40:47,2025-10-03 11:40:18,stop_loss,stop_loss,SHORT,TRUMP ADMIN. FREEZES $2.1B IN CHICAGO INFRASTRUCTURE PROJECTS,Twitter WalterBloomberg,exact_normalized,100.0
2025-10-03 19:51:26,2025-10-03 19:51:30.567000+00:00,233.57,233.57,233.66,232.76,232.87,2025-10-03 20:00:20,2025-10-03 19:59:17,stop_loss,stop_loss,LONG,"HAMAS SAYS IT AGREES TO RELEASE ALL ISRAELI HOSTAGES, ALIVE OR BODIES, UNDER TRUMP‚ÄôS GAZA PROPOSAL ‚Äì STATEMENT",Twitter WalterBloomberg,exact_normalized,100.0
2025-10-07 12:52:46,2025-10-07 12:53:20.066000+00:00,230.49,230.11,230.25,230.6,230.62,2025-10-07 13:08:20,2025-10-07 13:08:25,hold_time,hold_time,LONG,"VOTE TODAY! It is my Great Honor to endorse America First Patriot Matt Van Epps, who is running to represent the Great People of Tennessee‚Äôs 7th Congressional District. ¬† A West Point Graduate, and Combat Decorated Army Helicopter Pilot, Matt knows the WISDOM and COURAGE required to Defend our Country, Support our Incredible Military/Veterans, and Ensure PEACE THROUGH STRENGTH. In Congress, Matt will work hard to Keep our now very Secure Border, SECURE, Stop Migrant Crime, Grow our Economy, Cut Taxes, Promote MADE IN THE U.S.A., Champion School Choice, Unleash American Energy DOMINANCE, and Defend our always under siege Second Amendment. He is strongly supported by my good friend, Congressman Jim Jordan, and many other highly respected MAGA Warriors! ¬† Matt Van Epps has my Complete and Total Endorsement to be the next Congressman from Tennessee‚Äôs 7th Congressional District ‚Äî HE WILL NEVER LET YOU DOWN!",Donald J. Trump,exact_normalized,100.0
2025-09-29 18:12:42,2025-09-29 18:12:45.655000+00:00,209.62,209.58,209.66,209.5,209.49,2025-09-29 18:27:45,2025-09-29 18:27:50,hold_time,hold_time,LONG,"WHITE HOUSE UNVEILS TRUMP‚ÄôS PLAN TO END GAZA WAR

The White House outlined President Trump‚Äôs proposal for an immediate ceasefire and a political path forward:

üî∏ Peace framework: U.S. to broker dialogue between Israel and Palestinians for long-term coexistence.

üî∏ Hostages & prisoners: All hostages (alive and deceased) to be returned within 72 hours of Israel‚Äôs acceptance; in return, Israel to release 250 life-sentence prisoners and 1,700 detainees.

üî∏ Ceasefire terms: All military operations suspended; IDF withdrawal tied to demilitarization milestones.

üî∏ Gaza‚Äôs future: To become a ‚Äúderadicalized, terror-free zone‚Äù under temporary Palestinian technocratic governance with international stabilization forces.

üî∏ Hamas role: No role in Gaza governance; members who disarm may receive amnesty or safe passage abroad.

üî∏ Aid & rebuilding: Immediate humanitarian aid, unrestricted distribution through the UN/Red Crescent, creation of a Special Economic Zone, and a Trump-led economic development plan to rebuild Gaza.

üî∏ Guarantees: Israel will not occupy or annex Gaza; residents remain free to stay, leave, or return.",Twitter WalterBloomberg,exact_normalized,100.0
2025-10-21 20:55:15,2025-10-21 20:55:18.501000+00:00,191.69,191.69,191.8,191.39,191.37,2025-10-21 21:10:18,2025-10-21 21:10:23,hold_time,hold_time,LONG,TRUMP ADMINISTRATION IS PLANNING TO RELEASE MORE THAN $3 BILLION  TO U.S. FARMERS IN AID FROZEN BY SHUTDOWN - WSJ,Twitter WalterBloomberg,exact_normalized,100.0
2025-10-08 22:51:35,2025-10-08 22:51:49.180000+00:00,229.03,228.91,228.91,228.15,228.15,2025-10-08 23:06:33,2025-10-08 23:06:33,stop_loss,stop_loss,LONG,"I am very proud to announce that Israel and Hamas have both signed off on the first Phase of our Peace Plan. This means that ALL of the Hostages will be released very soon, and Israel will withdraw their Troops to an agreed upon line as the first steps toward a Strong, Durable, and Everlasting Peace. All Parties will be treated fairly! This is a GREAT Day for the Arab and Muslim World, Israel, all surrounding Nations, and the United States of America, and we thank the mediators from Qatar, Egypt, and Turkey, who worked with us to make this Historic and Unprecedented Event happen. BLESSED ARE THE PEACEMAKERS!

DONALD J. TRUMP PRESIDENT OF THE UNITED STATES OF AMERICA",Donald J. Trump,fuzzy,97.61904761904762
2025-10-18 18:54:39,2025-10-18 18:54:42.122000+00:00,185.84,185.86,185.74,186.16,186.2,2025-10-18 19:09:42,2025-10-18 19:09:47,hold_time,hold_time,SHORT,"TRUMP SHIFTS VENEZUELA MISSION TO REGIME CHANGE

U.S. President Donald Trump has redirected a Caribbean military buildup to pressure Venezuelan leader Nicol√°s Maduro to step down.

The deployment, first described as anti-drug, is now seen as a push for regime change. It began with strikes on Venezuelan vessels accused of drug trafficking.

Source: Financial Times",Twitter WalterBloomberg,exact_normalized,100.0
2025-10-22 06:00:05,2025-10-22 06:00:08.956000+00:00,184.45,184.31,184.07,184.31,184.38,2025-10-22 06:15:08,2025-10-22 06:15:13,hold_time,hold_time,SHORT,*UK SEPT. CONSUMER PRICES UNCHANGED M/M; EST. +0.2% [UK CPI MoM],Economic Event,exact_normalized,100.0
2025-09-29 03:15:20,2025-09-29 03:15:28.676000+00:00,209.14,209.14,209.05,209.43,209.4,2025-09-29 03:30:28,2025-09-29 03:30:33,hold_time,hold_time,SHORT,"Hard to watch the new NFL kickoff. It‚Äôs wrong on every level. They should end it, immediately. Bad for the game of football! President DJT",Donald J. Trump,exact_normalized,100.0
2025-10-06 17:22:13,2025-10-06 17:22:16.749000+00:00,236.91,236.87,236.93,236.04,236.13,2025-10-06 17:34:55,2025-10-06 17:34:51,stop_loss,stop_loss,LONG,WHITE HOUSE: TRUMP READY TO SIGN BILL TO REOPEN GOVERNMENT AS SOON AS ITS SENT TO HIS DESK,Twitter WalterBloomberg,exact_normalized,100.0
2025-10-22 20:44:17,2025-10-22 20:44:19.071000+00:00,180.54,180.53,180.44,179.72,179.87,2025-10-22 20:59:19,2025-10-22 20:59:24,hold_time,hold_time,SHORT," *US SANCTIONS RUSSIA'S ROSNEFT, LUKOIL OIL COS",TradFi,exact_raw,100.0
2025-10-22 16:30:49,2025-10-22 16:30:52.807000+00:00,182.89,182.75,182.81,183.38,183.46,2025-10-22 16:33:22,2025-10-22 16:33:25,stop_loss,stop_loss,SHORT,"üö® TRUMP ADMINISTRATION CONSIDERING PLAN TO RESTRICT GLOBALLY PRODUCED EXPORTS TO CHINA MADE WITH OR CONTAINING U.S. SOFTWARE, SOURCES SAY",Twitter WalterBloomberg,exact_normalized,100.0
2025-10-16 18:36:33,2025-10-16 18:36:36.760000+00:00,188.02,188.02,188.12,188.54,188.48,2025-10-16 18:51:36,2025-10-16 18:51:41,hold_time,hold_time,LONG,üö® U.S. AND INDIA HAVE HAD PRODUCTIVE DISCUSSIONS THAT HAVE LED INDIA TO ALREADY CUT RUSSIA OIL IMPORTS BY 50% - WHITE HOUSE OFFICIAL,Twitter WalterBloomberg,exact_normalized,100.0
2025-10-03 13:45:19,2025-10-03 13:45:22.882000+00:00,229.86,229.89,230.1,229.12,229.32,2025-10-03 14:00:08,2025-10-03 14:00:03,stop_loss,stop_loss,LONG,"*US S&amp;P SEPT. COMPOSITE PMI AT 53.9 VS 53.6 PRIOR

*US S&amp;P SEPT. SERVICES PMI AT 54.2 VS 53.9 PRIOR",Twitter WalterBloomberg,exact_normalized,100.0
2025-10-25 04:52:51,2025-10-25 04:52:56.635000+00:00,194.31,194.27,194.34,194.21,194.22,2025-10-25 05:07:56,2025-10-25 05:08:01,hold_time,hold_time,LONG,"Congressman Jake Ellzey is an America First Patriot who is doing an incredible job representing Texas‚Äô 6th Congressional District! ¬† A former Navy fighter pilot and Combat Veteran, Jake knows the Wisdom and Courage required to Defend our Country, Support our Brave Military/Veterans, and Ensure PEACE THROUGH STRENGTH. In Congress, he is working hard to Keep our now very Secure Border, SECURE, Stop Migrant Crime, Cut Taxes and Regulations, Unleash American Energy DOMINANCE, Promote MADE IN THE U.S.A., Grow our Economy, and Protect our always under siege Second Amendment. ¬† Jake Ellzey has my Complete and Total Endorsement for Re-Election ‚Äî HE WILL NEVER LET YOU DOWN!",Donald J. Trump,exact_normalized,100.0
2025-10-14 16:38:20,2025-10-14 16:38:24.080000+00:00,203.3,203.22,203.07,203.9,203.78,2025-10-14 16:49:48,2025-10-14 16:49:35,stop_loss,stop_loss,SHORT,FED'S POWELL: A RISK THAT SLOW PASS THROUGH OF TARIFFS STARTS TO LOOK LIKE PERSISTENT INFLATION,Twitter WalterBloomberg,exact_normalized,100.0
2025-10-22 19:07:15,2025-10-22 19:07:18.699000+00:00,182.12,182.07,182.18,181.72,181.52,2025-10-22 19:22:18,2025-10-22 19:16:52,hold_time,stop_loss,LONG,THE TRUMP ADMINISTRATION HAS LIFTED A KEY RESTRICTION ON UKRAINE‚ÄôS USE OF SOME LONG-RANGE MISSILES PROVIDED BY WESTERN ALLIES,Twitter WalterBloomberg,exact_normalized,100.0
2025-09-29 18:28:26,2025-09-29 18:28:30.606000+00:00,209.62,209.64,209.65,209.88,209.92,2025-09-29 18:43:30,2025-09-29 18:43:35,hold_time,hold_time,LONG,TRUMP: ONE OF THE GREATEST DAYS EVER IN CIVILIZATION,Twitter WalterBloomberg,exact_normalized,100.0
2025-10-21 21:12:03,2025-10-21 21:12:06.518000+00:00,191.45,191.41,191.25,189.07,189.5,2025-10-21 21:27:06,2025-10-21 21:27:11,hold_time,hold_time,SHORT,"*TRUMP: AS OF NOV. 1, TARIFFS ON CHINA WILL BE ABOUT 155%

*TRUMP: HIGHER TARIFFS ON CHINA WON'T BE SUSTAINABLE FOR THEM",Twitter WalterBloomberg,exact_normalized,100.0
2025-10-04 20:02:27,2025-10-04 20:02:32.923000+00:00,227.08,227.11,227.11,227.41,227.39,2025-10-04 20:17:32,2025-10-04 20:17:37,hold_time,hold_time,LONG,"After negotiations, Israel has agreed to the initial withdrawal line, which we have shown to, and shared with, Hamas. When Hamas confirms, the Ceasefire will be IMMEDIATELY effective, the Hostages and Prisoner Exchange will begin, and we will create the conditions for the next phase of withdrawal, which will bring us close to the end of this 3,000 YEAR CATASTROPHE. Thank you for your attention to this matter and, STAY TUNED!",Donald J. Trump,exact_normalized,100.0
2025-09-29 13:05:44,2025-09-29 13:05:47.651000+00:00,205.14,205.11,205.04,205.8,205.73,2025-09-29 13:14:26,2025-09-29 13:14:22,stop_loss,stop_loss,SHORT,üö® TRUMP: WILL IMPOSING SUBSTANTIAL TARIFFS ON FURNITURE,Twitter WalterBloomberg,exact_normalized,100.0
2025-10-12 12:14:35,2025-10-12 12:14:42.963000+00:00,182.13,182.15,182.05,182.8,182.67,2025-10-12 12:28:17,2025-10-12 12:27:30,stop_loss,stop_loss,SHORT,"ASKED IF TRUMP IS CONSIDERING INVOKING INSURRECTION ACT, VANCE SAYS  'PRESIDENT LOOKING AT ALL HIS OPTIONS'",Twitter WalterBloomberg,exact_normalized,100.0
2025-10-25 04:52:41,2025-10-25 04:52:46.297000+00:00,194.14,194.17,194.31,194.21,194.21,2025-10-25 05:07:46,2025-10-25 05:07:51,hold_time,hold_time,LONG,"Congressman Lance Gooden is an America First Patriot, who is doing a fantastic job representing Texas‚Äô 5th Congressional District! ¬† A MAGA Warrior, who has been with us from the very beginning, Lance is working hard to Grow our Economy, Cut Taxes and Regulations, Advance American Energy DOMINANCE, Promote MADE IN THE U.S.A., Keep our now very Secure Border, SECURE, Support our Military/Veterans, and Protect our always under siege Second Amendment. ¬† Lance Gooden has my Complete and Total Endorsement for Re-Election ‚Äî HE WILL NEVER LET YOU DOWN!",Donald J. Trump,exact_normalized,100.0
2025-10-25 12:46:36,2025-10-25 12:46:50.530000+00:00,193.86,193.85,193.84,193.59,193.59,2025-10-25 13:01:50,2025-10-25 13:01:55,hold_time,hold_time,LONG,"Congressman Mike Haridopolos is an America First Patriot who is doing a fantastic job representing Florida‚Äôs 8th Congressional District! ¬† A former Teacher, successful Businessman, and now, as U.S. Congressman, Mike has strongly served his Community with a career ‚Äúloaded up‚Äù with accolades and wins. In Congress, he is fighting tirelessly to Grow our Economy, Cut Taxes and Regulations, Promote MADE IN THE U.S.A., Champion American Energy DOMINANCE, Keep our now very Secure Border, SECURE, Stop Migrant Crime, Strengthen our Military/Veterans, and Defend our always under siege Second Amendment. ¬† Mike Haridopolos has my Complete and Total Endorsement for Re-Election ‚Äî HE WILL NEVER LET YOU DOWN!",Donald J. Trump,exact_normalized,100.0
2025-10-24 08:30:00,2025-10-24 08:30:02.017000+00:00,192.29,192.25,192.38,193.34,193.23,2025-10-24 08:45:02,2025-10-24 08:45:07,hold_time,hold_time,LONG,*UK OCT. COMPOSITE PMI AT 51.1; EST. 50.6 [UK Composite PMI Flash],Economic Event,exact_normalized,100.0
2025-10-22 19:01:32,2025-10-22 19:01:34.460000+00:00,181.29,181.15,180.96,181.64,181.72,2025-10-22 19:16:34,2025-10-22 19:16:39,hold_time,hold_time,LONG,U.S. Lifts Key Restriction on Ukraine's Use of Western Long-Range Missiles -- WSJ,DJ,exact_raw,100.0
2025-10-22 21:42:02,2025-10-22 21:42:05.096000+00:00,178.38,178.37,178.53,177.76,177.93,2025-10-22 21:44:24,2025-10-22 21:44:12,stop_loss,stop_loss,LONG,TRUMP SAYS PUTIN MENTIONED NUCLEAR DEESCLATION AND I'M FINE WITH THAT,Twitter WalterBloomberg,exact_normalized,100.0
2025-10-12 21:07:39,2025-10-12 21:07:41.660000+00:00,196.34,196.35,196.47,197.03,197.0,2025-10-12 21:22:41,2025-10-12 21:22:46,hold_time,hold_time,LONG,TRUMP: CEASEFIRE IS GOING TO HOLD,Twitter WalterBloomberg,exact_normalized,100.0
2025-10-01 17:37:14,2025-10-01 17:37:24.503000+00:00,219.23,219.16,219.09,217.91,218.03,2025-10-01 17:52:24,2025-10-01 17:52:29,hold_time,hold_time,SHORT,"The Governor of Oregon must be living in a ‚ÄúDream World.‚Äù Portland is a NEVER-ENDING DISASTER. Many people have been badly hurt, and even killed. It is run like a Third World Country. We‚Äôre only going in because, as American Patriots, WE HAVE NO CHOICE. LAW AND ORDER MUST PREVAIL IN OUR CITIES, AND EVERYWHERE ELSE!",Donald J. Trump,exact_normalized,100.0
2025-10-24 13:45:32,2025-10-24 13:45:35.993000+00:00,191.72,191.78,191.84,191.1,191.1,2025-10-24 13:48:48,2025-10-24 13:48:48,stop_loss,stop_loss,LONG,"*US S&amp;P OCT. MANUFACTURING PMI AT 52.2; EST. 52.0

*US S&amp;P OCT. SERVICES PMI AT 55.2; EST. 53.5

*US S&amp;P OCT. COMPOSITE PMI AT 54.8; PREV. 53.9",Twitter WalterBloomberg,exact_normalized,100.0
2025-10-08 01:26:45,2025-10-08 01:27:00.004000+00:00,221.86,221.91,221.81,221.65,221.54,2025-10-08 01:42:00,2025-10-08 01:42:05,hold_time,hold_time,SHORT,"Sanctimonious Richard ‚ÄúDa Nang Dick‚Äù Blumenthal, perhaps the biggest ‚Äújoke‚Äù in the United States Senate, is at it again! ‚ÄúDick‚Äù lied until the midpoint of his political career, convincing everyone, in particular the Fake News Media, that he was a great ‚ÄúWar Hero‚Äù who lived on the precipice of death in the jungles of Vietnam. He would talk about his life in the military in almost every speech, in particular the death defying dangers he faced in his many years ‚Äúfight for freedom‚Äù while in Vietnam. He stated that ‚Äúthe battles were violent and long, but there was no going back‚Äù - And then it happened, Blumenthal was found out to be a FRAUD. The soldiers in his so-called ‚Äúplatoon‚Äù came forward and said that they had no idea who this guy was. He was revealed, broke down and admitted, tears flowing from his eyes, that he LIED, a Whopper, one that lasted 20 year. This guy shouldn‚Äôt even be in the U.S. Senate. It should be investigated, and Justice should be sought. Right now there is a Congressman sitting in prison for lying about his past during a campaign. Well, those lies were nothing compared to those of Richard ‚ÄúDa Nang Dick‚Äù Blumenthal, perhaps the greatest phony in the history of the United States Senate. He should be allowed to speak no longer!",Donald J. Trump,exact_normalized,100.0
2025-10-25 12:45:07,2025-10-25 12:45:10.903000+00:00,193.85,193.83,193.89,193.83,193.83,2025-10-25 13:00:10,2025-10-25 13:00:15,hold_time,hold_time,LONG,"Congressman Andy Ogles is doing a fantastic job representing the incredible people of Tennessee‚Äôs 5th Congressional District! ¬† Andy is a Conservative Warrior who has strong support from his Community. In Congress, he is fighting tirelessly to Grow our Economy, Cut Taxes and Regulations, Promote MADE IN THE U.S.A. and American Energy DOMINANCE, Safeguard our Elections, Keep our now very Secure Border, SECURE, Stop Migrant Crime, Strengthen our Military/Veterans, and Defend our always under siege Second Amendment. ¬† Andy Ogles my Complete and Total Endorsement for Re-Election ‚Äì HE WILL NOT LET YOU DOWN!",Donald J. Trump,exact_normalized,100.0
2025-10-10 02:15:14,2025-10-10 02:15:25.068000+00:00,220.71,220.72,220.88,221.15,221.15,2025-10-10 02:30:25,2025-10-10 02:30:30,hold_time,hold_time,LONG,Thank you Washington Post. Wow!!! https://www.washingtonpost.com/opinions/2025/10/09/gaza-ceasefire-deal-trump-nobel-prize/,Donald J. Trump,exact_normalized,100.0
2025-10-04 20:05:51,2025-10-04 20:05:54.250000+00:00,227.06,227.06,227.07,227.42,227.42,2025-10-04 20:20:54,2025-10-04 20:20:59,hold_time,hold_time,LONG,"TRUMP: WHEN HAMAS CONFIRMS, CEASEFIRE WILL BE IMMEDIATELY EFFECTIVE, HOSTAGES AND PRISONER EXCHANGE WILL BEGIN",Twitter WalterBloomberg,exact_normalized,100.0
2025-09-29 12:59:56,2025-09-29 12:59:59.281000+00:00,205.32,205.22,205.29,205.9,205.8,2025-09-29 13:14:30,2025-09-29 13:15:04,stop_loss,hold_time,SHORT,TRUMP ON TRUTH SOCIAL SAYS HE WILL IMPOST 100% TARIFF ON 'ANY AND ALL MOVIES' MADE OUTSIDE OF U.S.,Twitter WalterBloomberg,exact_normalized,100.0
2025-11-03 20:33:33,2025-10-25 04:51:51.689000+00:00,166.13,193.61,193.72,194.12,194.12,2025-10-25 05:06:51,2025-10-25 05:06:56,hold_time,hold_time,LONG,"Congresswoman Nicole Malliotakis is a Tremendous Champion for New York‚Äôs 11th Congressional District! ¬† As a Member of the POWERFUL House Appropriations Committee, Nicole knows the America First Policies required to Create GREAT Jobs, Cut Taxes and Regulations, and Champion our Nation‚Äôs Golden Age. She is working hard to Advance American Energy DOMINANCE, Promote MADE IN THE U.S.A., Keep our now very Secure Border, SECURE, Strengthen our Brave Military/Veterans, Champion the Incredible NYPD and NYFD, and Protect our always under siege Second Amendment. ¬† Nicole Malliotakis has my Complete and Total Endorsement for Re-Election ‚Äî SHE WILL NEVER LET YOU DOWN!",Donald J. Trump,fuzzy,97.11246200607903
2025-10-04 20:05:33,2025-10-04 20:05:36.558000+00:00,227.06,227.06,227.06,227.43,227.44,2025-10-04 20:20:36,2025-10-04 20:20:41,hold_time,hold_time,LONG,"TRUMP: WHEN HAMAS CONFIRMS, CEASEFIRE WILL BE IMMEDIATELY EFFECTIVE",Twitter WalterBloomberg,exact_normalized,100.0
2025-10-12 06:45:25,2025-10-12 06:45:29.361000+00:00,182.02,181.94,181.77,182.36,182.37,2025-10-12 07:00:29,2025-10-12 06:59:38,hold_time,stop_loss,SHORT,"CHINA: ‚ÄòNOT AFRAID‚Äô OF TRADE WAR WITH US

China‚Äôs Ministry of Commerce said it does not seek a trade war with the U.S. but is ‚Äúnot afraid of it.‚Äù
Beijing urged Washington to ‚Äúcorrect its wrong practices‚Äù and respect agreements made between their leaders.
If not, China warned it would take ‚Äúresolute measures‚Äù to defend its interests.

This comes after U.S. President Donald Trump announced a 100% tariff on Chinese goods yesterday.",Twitter WalterBloomberg,exact_normalized,100.0
2025-10-25 04:53:28,2025-10-25 04:53:48.264000+00:00,194.3,194.26,194.24,194.12,194.12,2025-10-25 05:08:48,2025-10-25 05:08:53,hold_time,hold_time,LONG,"Congressman Brian Babin, D.D.S, is an incredible Representative of Texas‚Äô 36th Congressional District! ¬† As the Highly Respected Chairman of the House Science Committee, Brian is fighting hard to Grow our Economy, Cut Taxes and Regulations, Champion American Energy DOMINANCE, Promote MADE IN THE U.S.A., Keep our now very Secure Border, SECURE, Strongly Support Law Enforcement and our Military, Deliver Quality Care to our Brave Veterans, and Protect our always under siege Second Amendment. ¬† Brian Babin has my Complete and Total Endorsement for Re-Election ‚Äî HE WILL NEVER LET YOU DOWN!",Donald J. Trump,exact_normalized,100.0
2025-10-24 13:17:35,2025-10-24 13:17:39.438000+00:00,193.72,193.69,193.79,193.05,193.14,2025-10-24 13:30:19,2025-10-24 13:30:00,stop_loss,stop_loss,LONG,"BITCOIN JUMPS ON SOFTER U.S. INFLATION, BOOSTING RATE-CUT BETS

Bitcoin rose to $111,992 after September U.S. inflation came in lower than expected: 3.0% annual, versus the 3.1% forecast, with core inflation easing to 3.0%. B. Riley strategist Art Hogan says the report keeps the Fed on track for an Oct. 29 rate cut.",Twitter WalterBloomberg,exact_normalized,100.0
2025-10-20 15:52:59,2025-10-20 15:53:03.145000+00:00,191.74,191.87,192.09,189.36,189.24,2025-10-20 16:08:03,2025-10-20 16:08:08,hold_time,hold_time,SHORT,"üö®*TRUMP: CHINA MAY PAY 155% TARIFF IF NO DEAL BY NOV 1  

*TRUMP: MEETING WITH XI IN A COUPLE WEEKS",Twitter WalterBloomberg,exact_normalized,100.0
2025-10-02 16:01:02,2025-10-02 16:01:08.418000+00:00,226.81,226.73,226.86,228.26,228.29,2025-10-02 16:16:08,2025-10-02 16:16:13,hold_time,hold_time,LONG,"BITCOIN EXTENDS GAINS TO BEYOND $120,000",Twitter WalterBloomberg,exact_normalized,100.0
2025-10-08 14:52:14,2025-10-08 14:52:38.553000+00:00,220.49,220.07,220.15,220.5,219.39,2025-10-08 15:07:38,2025-10-08 14:56:05,hold_time,stop_loss,LONG,"Florida Attorney General James Uthmeier is doing a GREAT job for the Sunshine State, which I won BIG in 2016, 2020, and 2024. ¬† James is an America First Warrior, who is a true champion for ‚ÄúMAGA.‚Äù He is THE MAN behind ALLIGATOR ALCATRAZ, and argued strongly at the United States Supreme Court in defense of my Executive Power to fire Deep State bureaucrats.¬†Under James‚Äô fearless leadership, over 1,000 CRIMINAL PEDOPHILES have been arrested, missing children have been SAVED, and our Great Members of Law Enforcement have been empowered to do their jobs and, KEEP FLORIDA SAFE. In his next term, James will continue to work tirelessly to Ensure Law and Order, Uphold our Constitutional Rights, and Protect our always under siege Second Amendment. ¬† James Uthmeier is a Strong Conservative Fighter and Prosecutor, and has my Complete and Total Endorsement ‚Äî HE WILL NOT LET YOU DOWN!",Donald J. Trump,exact_normalized,100.0
2025-10-17 11:13:12,2025-10-17 11:13:26.642000+00:00,179.6,179.9,180.35,181.69,181.7,2025-10-17 11:28:26,2025-10-17 11:28:31,hold_time,hold_time,LONG,"*TRUMP, ASKED IF HIGH CHINA TARIFFS WILL STAND: NO",Bloomberg,exact_raw,100.0
2025-10-06 17:44:54,2025-10-06 17:44:58.071000+00:00,236.16,236.09,236.03,236.32,236.82,2025-10-06 17:59:58,2025-10-06 17:56:46,hold_time,stop_loss,SHORT,"Beginning November 1st, 2025, all Medium and Heavy Duty Trucks coming into the United States from other Countries will be Tariffed at the Rate of 25%. Thank you for your attention to this matter!",Donald J. Trump,exact_normalized,100.0
2025-10-02 17:17:12,2025-10-02 17:17:17.452000+00:00,228.86,228.69,228.68,228.89,228.98,2025-10-02 17:32:17,2025-10-02 17:32:22,hold_time,hold_time,SHORT,"PUTIN: ON U.S. CALLS TO INDIA AND CHINA TO STOP BUYING RUSSIA'S ENERGY: IF HIGHER TARIFFS ARE INTRODUCED AGAINST RUSSIA'S TRADE PARTNERS, IT WOULD LEAD TO PRICES INCREASE  AND  WHICH WOULD FORCE THE FED TO KEEP THE RATE UP",Twitter WalterBloomberg,exact_normalized,100.0
2025-11-04 18:26:11,2025-10-25 04:52:19.927000+00:00,154.31,193.88,193.97,194.2,194.19,2025-10-25 05:07:19,2025-10-25 05:07:24,hold_time,hold_time,LONG,"Congressman Claudia Tenney is a Fantastic Advocate for the Wonderful People of New York‚Äôs 24th Congressional District! ¬† As the Chairwoman of the House Election Integrity Caucus, Claudia is an America First Fighter for Safeguarding our Cherished Right to Free and Fair Elections. She is working tirelessly to Grow the Economy, Cut Taxes and Regulations, Keep our now very Secure Border, SECURE, Strengthen our Military/Veterans, Promote MADE IN THE U.S.A., Champion American Energy DOMINANCE, and Protect our always under siege Second Amendment. ¬† Claudia Tenney has my Complete and Total Endorsement for Re-Election ‚Äì SHE WILL NEVER LET YOU DOWN!",Donald J. Trump,fuzzy,99.84472049689441
2025-10-22 16:34:11,2025-10-22 16:34:15.446000+00:00,183.4,183.3,183.11,183.91,183.74,2025-10-22 16:34:51,2025-10-22 16:34:48,stop_loss,stop_loss,SHORT,"üö® TRUMP ADMINISTRATION MULLS BROAD SOFTWARE EXPORT CURBS ON CHINA

The Trump administration is considering restricting U.S. software exports and shipments of items made with U.S. software to China, in response to Beijing‚Äôs rare earth export limits. The plan would implement President Trump‚Äôs earlier threat to block ‚Äúcritical software‚Äù exports and could include tariffs and new controls. Sources say the measure is under review and may not be implemented.",Twitter WalterBloomberg,exact_normalized,100.0
2025-10-10 15:08:20,2025-10-10 15:08:23.635000+00:00,218.49,218.66,218.3,214.29,219.06,2025-10-10 15:23:23,2025-10-10 15:11:02,hold_time,stop_loss,SHORT,TREASURIES TO DAY'S HIGHS AFTER TRUMP THREATENS TARIFF HIKES,Twitter WalterBloomberg,exact_normalized,100.0
2025-09-29 13:05:33,2025-09-29 13:05:36.508000+00:00,205.17,205.17,205.19,205.89,205.89,2025-09-29 13:14:29,2025-09-29 13:14:29,stop_loss,stop_loss,SHORT,üö® TRUMP: I WILL BE IMPOSING SUBSTANTIAL TARIFFS ON ANY COUNTRY THAT DOES NOT MAKE ITS FURNITURE IN UNITED STATES. DETAILS TO FOLLOW!,Twitter WalterBloomberg,exact_normalized,100.0
2025-10-08 22:53:22,2025-10-08 22:53:25.533000+00:00,228.87,228.88,228.92,228.1,228.15,2025-10-08 23:06:35,2025-10-08 23:06:33,stop_loss,stop_loss,LONG,TRUMP: ISRAEL AND HAMAS HAVE BOTH SIGNED OFF ON FIRST PHASE OF OUR PEACE PLAN.,Twitter WalterBloomberg,exact_normalized,100.0
2025-10-25 04:52:32,2025-10-25 04:52:36.675000+00:00,194.0,194.0,194.14,194.16,194.19,2025-10-25 05:07:36,2025-10-25 05:07:41,hold_time,hold_time,LONG,"Congressman Troy Nehls is doing a truly fantastic job representing the incredible People of Texas‚Äô 22nd Congressional District! ¬† As former Sheriff of Fort Bend County, and brave U.S. Army Veteran, Troy strongly supports our incredible Law Enforcement, Military, and Veterans, and knows the Wisdom and Courage it takes to Ensure LAW AND ORDER. In Congress, he is fighting tirelessly to Cut Taxes and Regulations, Promote MADE IN THE U.S.A., Champion American Energy DOMINANCE, Keep our now very Secure Border, SECURE, and Protect our always under siege Second Amendment. ¬† Troy Nehls has my Complete and Total Endorsement for Re-Election ‚Äî HE WILL NEVER LET YOU DOWN!",Donald J. Trump,exact_normalized,100.0
2025-09-29 18:08:29,2025-09-29 18:08:33.085000+00:00,209.74,209.72,209.72,209.1,209.09,2025-09-29 18:23:33,2025-09-29 18:23:38,hold_time,hold_time,LONG,"WHITE HOUSE: U.S. WILL ESTABLISH A DIALOGUE BETWEEN ISRAEL AND PALESTINIANS TO AGREE ON A POLITICAL HORIZON FOR PEACEFUL AND PROSPEROUS CO-EXISTENCE

WHITE HOUSE: WITHIN 72 HOURS OF ISRAEL PUBLICLY ACCEPTING THIS AGREEMENT, ALL HOSTAGES, ALIVE AND DECEASED, WILL BE RETURNED",Twitter WalterBloomberg,exact_normalized,100.0
2025-10-07 17:30:36,2025-10-07 17:30:39.178000+00:00,223.43,223.4,223.29,223.84,223.88,2025-10-07 17:45:39,2025-10-07 17:45:44,hold_time,hold_time,SHORT,TRUMP ADMINISTRATION IS CONSIDERING CANCELLING AN ADDITIONAL $12 BILLION IN FUNDING FOR CLEAN ENERGY PROJECTS BEYOND- SEMAFOR,Twitter WalterBloomberg,exact_normalized,100.0
2025-10-03 14:00:58,2025-10-03 14:01:02.783000+00:00,228.97,228.68,228.66,227.7,227.86,2025-10-03 14:16:02,2025-10-03 14:16:07,hold_time,hold_time,SHORT,"*US SEPT. ISM SERVICES PMI FALLS TO 50 FROM 52; EST. 51.7

*US ISM SERVICES BUSINESS ACTIVITY AT 49.9, LOWEST SINCE 2020",Twitter WalterBloomberg,exact_normalized,100.0
2025-10-25 04:53:19,2025-10-25 04:53:30.380000+00:00,194.34,194.28,194.28,194.16,194.14,2025-10-25 05:08:30,2025-10-25 05:08:35,hold_time,hold_time,LONG,"Congressman ‚ÄúDoc‚Äù Ronny Jackson is an America First Patriot, who is doing a fantastic job representing Texas‚Äô 13th Congressional District! ¬† A distinguished Medical Doctor and U.S. Navy Veteran, ‚ÄúDoc‚Äù Ronny knows the Wisdom and Courage that is necessary to Defend our Country, Support our Brave Military/Veterans, and Ensure PEACE THROUGH STRENGTH. In Congress, he is fighting tirelessly to Grow our Economy, Cut Taxes and Regulations, Promote MADE IN THE U.S.A., Champion American Energy DOMINANCE, Keep our now very Secure Border, SECURE, Advance Election Integrity, and Protect our always under siege Second Amendment. ¬† ‚ÄúDoc‚Äù Ronny Jackson has my Complete and Total Endorsement for Re-Election ‚Äî HE WILL NEVER LET YOU DOWN!",Donald J. Trump,exact_normalized,100.0
2025-10-08 02:02:50,2025-10-08 02:03:01.540000+00:00,221.53,221.57,221.49,222.31,222.29,2025-10-08 02:16:42,2025-10-08 02:16:41,stop_loss,stop_loss,SHORT,"Wow! Jack Smith and the Biden DOJ spied on Republican Senators and a least one Republican Congressman. This is really bad ‚Äústuff.‚Äù They tried to take down the Republican Party, and got caught!!!",Donald J. Trump,exact_normalized,100.0
2025-10-03 13:12:44,2025-10-03 13:12:50.881000+00:00,229.2,229.2,229.27,230.28,230.35,2025-10-03 13:27:50,2025-10-03 13:27:55,hold_time,hold_time,LONG,"BITCOIN POISED FOR NEW HIGH, SAYS STANDARD CHARTERED

Standard Chartered‚Äôs Geoff Kendrick says Bitcoin could hit a new record if the U.S. government shutdown drags on, noting its positive correlation with Treasury term premiums.

StanChart forecasts Bitcoin at $135,000 soon and $200,000 by year-end. The token now trades at $120,456, just below its August peak of $124,480.",Twitter WalterBloomberg,exact_normalized,100.0
2025-10-14 01:05:28,2025-10-14 01:05:35.255000+00:00,208.42,208.27,208.06,208.96,208.77,2025-10-14 01:07:43,2025-10-14 01:07:12,stop_loss,stop_loss,SHORT,*CHINA VOWS TO FIGHT TRADE WAR 'TO THE END‚Äô,Twitter WalterBloomberg,exact_normalized,100.0
2025-10-12 21:25:36,2025-10-12 21:26:32.907000+00:00,195.74,195.84,195.44,193.82,193.7,2025-10-12 21:41:32,2025-10-12 21:41:37,hold_time,hold_time,SHORT,"Trump: May Tell Putin if War is Not Settled, I May Send Tomahawk Missiles to Ukraine",Reuters,exact_raw,100.0
2025-10-03 15:40:33,2025-10-03 15:40:36.873000+00:00,233.17,233.22,233.34,234.47,234.58,2025-10-03 15:55:36,2025-10-03 15:55:41,hold_time,hold_time,LONG,CHINA DANGLED PROSPECT OF A MASSIVE INVESTMENT PACKAGE IN US AS PART OF PROPOSAL,Twitter WalterBloomberg,exact_normalized,100.0
2025-10-06 11:43:38,2025-10-06 11:43:44.989000+00:00,233.27,233.27,233.38,233.01,232.89,2025-10-06 11:58:44,2025-10-06 11:58:49,hold_time,hold_time,LONG,"YARDENI LIFTS S&P 500 TARGET TO 7,000 ON ECONOMIC STRENGTH

Yardeni Research raised its year-end S&P 500 target to 7,000, citing a resilient U.S. economy and improved sentiment after Trump‚Äôs trade resolution.

The firm said the V-shaped rebound since April reflects reduced recession risks and described the market as a ‚Äúslow-motion melt-up‚Äù supported by Fed rate cuts.

Yardeni lifted the odds of a melt-up to 30% and expects another strong Q3 earnings season, projecting 10.7% EPS growth versus analysts‚Äô 6.4%. Forward earnings hit a record high, with the P/E at 22.7.",Twitter WalterBloomberg,exact_normalized,100.0
2025-10-13 14:13:52,2025-10-13 14:13:56.869000+00:00,195.0,195.07,194.9,193.23,193.31,2025-10-13 14:28:56,2025-10-13 14:29:01,hold_time,hold_time,SHORT,"$AAPL - JEFFERIES WARNS TARIFFS COULD SQUEEZE APPLE MARGINS

Jefferies warned that new U.S. tariffs could pressure Apple‚Äôs margins on the iPhone 17 if Chinese imports lose their exemption. The firm cut its price target to $203.07, noting that Donald Trump‚Äôs proposed 100% tariff on Chinese goods starting Nov. 1 would hit Apple, which relies heavily on China for assembly.

Jefferies estimates a 5% EPS hit in FY2026 if Apple pays a 130% tariff on about 9 million units. With Indian production unable to fully cover U.S. demand, Apple remains exposed.

Even without tariffs, iPhone 17 margins are already 1.7 points lower than the previous model due to product mix and higher costs. Jefferies‚Äô Q4 FY2025 revenue and profit forecasts are ~4% below consensus, citing flat sales outside iPhones.",Twitter WalterBloomberg,exact_normalized,100.0
2025-10-24 09:08:50,2025-10-24 09:08:55.118000+00:00,193.06,193.05,193.11,193.07,192.99,2025-10-24 09:23:55,2025-10-24 09:24:00,hold_time,hold_time,LONG,"JPMORGAN TO ALLOW INSTITUTIONAL CLIENTS TO USE BITCOIN AND ETHEREUM AS COLLATERAL
Source: Bloomberg",Velo,exact_raw,100.0
2025-10-10 14:59:47,2025-10-10 14:59:51.897000+00:00,219.91,219.77,219.66,218.31,218.34,2025-10-10 15:14:51,2025-10-10 15:14:56,hold_time,hold_time,SHORT,*TRUMP: CALCULATING INCREASED TARIFFS ON CHINESE PRODUCTS,Twitter WalterBloomberg,exact_normalized,100.0
2025-10-17 17:56:58,2025-10-17 17:57:02.446000+00:00,183.87,183.72,184.0,184.12,184.17,2025-10-17 18:12:02,2025-10-17 18:12:07,hold_time,hold_time,LONG,"üö® Canada Extends by Two Months Exemption From Counter Tariffs on US Goods Used in Manufacturing, Processing, Food; Adds Agriculture

Canada Exemption From Tariffs on Imports of US Goods Used in Health Care, Public Safety, National Security Extended by Two Months",Twitter WalterBloomberg,exact_normalized,100.0
2025-10-06 17:47:00,2025-10-06 17:47:03.817000+00:00,235.89,235.88,235.87,236.7,236.7,2025-10-06 17:53:52,2025-10-06 17:53:52,stop_loss,stop_loss,SHORT,"*TRUMP: ALL MEDIUM AND HEAVY DUTY TRUCKS WILL BE TARIFFED AT 25%

*TRUMP: TRUCK TARIFFS TO BEGIN NOV 1ST, 2025",Twitter WalterBloomberg,exact_normalized,100.0
2025-09-29 13:04:21,2025-09-29 13:04:31.238000+00:00,204.5,204.64,204.62,205.39,205.3,2025-09-29 13:10:13,2025-09-29 13:10:09,stop_loss,stop_loss,SHORT,"In order to make North Carolina, which has completely lost its furniture business to China, and other Countries, GREAT again, I will be imposing substantial Tariffs on any Country that does not make its furniture in the United States. Details to follow!!! President DJT",Donald J. Trump,exact_normalized,100.0
2025-10-09 17:04:02,2025-10-09 17:04:09.055000+00:00,217.3,217.41,217.49,218.49,218.46,2025-10-09 17:19:09,2025-10-09 17:19:14,hold_time,hold_time,LONG,TRUMP: WILL BE DISARMING AND PULLBACKS AFTER HOSTAGE RELEASE,Twitter WalterBloomberg,exact_normalized,100.0
2025-10-25 12:43:29,2025-10-25 12:43:41.825000+00:00,193.26,193.27,193.48,193.88,193.89,2025-10-25 12:58:41,2025-10-25 12:58:46,hold_time,hold_time,LONG,"Congressman Greg Murphy, M.D., is a Tremendous Champion for the incredible people of North Carolina‚Äôs 3rd Congressional District! ¬† A distinguished Surgeon and Member of the House Veterans' Affairs Committee, Greg knows the Wisdom and Courage required to Defend our Country, Support our Brave Military/Veterans, and Ensure PEACE THROUGH STRENGTH. In Congress, Greg is working hard to Grow our Economy, Cut Taxes and Regulations, Promote MADE IN THE U.S.A., Champion American Energy DOMINANCE, Keep our now very Secure Border, SECURE, and Protect our always under siege Second Amendment. ¬† Dr. Greg Murphy has my Complete and Total Endorsement for Re-Election ‚Äì HE WILL NEVER LET YOU DOWN!",Donald J. Trump,exact_normalized,100.0
2025-10-25 12:43:37,2025-10-25 12:43:45.514000+00:00,193.25,193.39,193.46,193.89,193.86,2025-10-25 12:58:45,2025-10-25 12:58:50,hold_time,hold_time,LONG,"Congressman Chuck Edwards is a MAGA Warrior who is doing a fantastic job representing North Carolina‚Äôs 11th Congressional District! ¬† A proud Businessman, Civic Leader, and Highly Respected State Senator, prior to becoming a very distinguished U.S. Congressman, Chuck has dedicated his life to serving his Community. In Congress, he is working tirelessly to Grow our Economy, Cut Taxes and Regulations, Advance Election Integrity, Champion American Energy DOMINANCE, Promote MADE IN THE U.S.A., Keep our now very Secure Border, SECURE, Stop Migrant Crime, Strengthen our Military/Veterans, and Defend our always under siege Second Amendment. ¬† Chuck Edwards has my Complete and Total Endorsement for Re-Election ‚Äî HE WILL NEVER LET YOU DOWN!",Donald J. Trump,exact_normalized,100.0
2025-10-21 23:50:00,2025-10-21 23:50:02.704000+00:00,185.57,185.71,185.8,186.15,185.14,2025-10-22 00:05:02,2025-10-21 23:57:09,hold_time,stop_loss,LONG,*JAPAN SEPT. IMPORTS RISE 3.3% Y/Y; EST. +0.6% [Japan Imports YoY],Economic Event,exact_normalized,100.0
2025-10-03 14:00:00,2025-10-03 14:00:43.129000+00:00,229.56,228.81,228.67,227.8,227.62,2025-10-03 14:15:43,2025-10-03 14:15:48,hold_time,hold_time,SHORT,*US SEPT. ISM SERVICES NEW ORDERS AT 50.4 VS 56.0; EST. 54.0,Twitter WalterBloomberg,exact_raw,100.0
2025-10-07 12:09:57,2025-10-07 12:10:19.571000+00:00,230.27,230.23,230.13,229.51,229.51,2025-10-07 12:25:19,2025-10-07 12:25:24,hold_time,hold_time,SHORT,Deranged Jack Smith got caught with his hand in the cookie jar. A real sleazebag!!!,Donald J. Trump,exact_normalized,100.0
2025-09-29 12:57:18,2025-09-29 12:57:21.394000+00:00,205.53,205.57,205.46,205.17,205.12,2025-09-29 13:12:21,2025-09-29 13:12:26,hold_time,hold_time,SHORT,üö® TRUMP: IMPOSING A 100% TARIFF ON FOREIGN MADE MOVIES,Twitter WalterBloomberg,exact_normalized,100.0
2025-10-16 17:31:25,2025-10-16 17:31:32.606000+00:00,190.44,190.4,190.09,189.14,189.14,2025-10-16 17:46:32,2025-10-16 17:46:37,hold_time,hold_time,SHORT,"TRUMP: IF HAMAS CONTINUES TO KILL PEOPLE IN GAZA, WHICH WAS NOT DEAL, WE WILL HAVE NO CHOICE BUT TO GO IN AND KILL THEM",Twitter WalterBloomberg,exact_normalized,100.0
2025-10-25 04:53:00,2025-10-25 04:53:04.132000+00:00,194.34,194.31,194.31,194.23,194.21,2025-10-25 05:08:04,2025-10-25 05:08:09,hold_time,hold_time,LONG,"Congressman August Pfluger is a Tremendous Champion for Texas‚Äô 11th Congressional District! ¬† As the Chairman of the Republican Study Committee, August is doing an incredible job advancing our America First Agenda. He is working hard to Grow our Economy, Cut Taxes and Regulations, Champion our Great Farmers and American Agriculture, Promote MADE IN THE U.S.A., Ensure American Energy DOMINANCE, Keep our now very Secure Border, SECURE, Strengthen our Incredible Military/Veterans, and Defend our always under siege Second Amendment. ¬† August Pfluger has my Complete and Total Endorsement for Re-Election ‚Äî HE WILL NEVER LET YOU DOWN!",Donald J. Trump,exact_normalized,100.0
2025-10-24 13:45:00,2025-10-24 13:45:05.950000+00:00,191.73,191.53,191.7,190.88,190.9,2025-10-24 13:50:44,2025-10-24 13:48:49,stop_loss,stop_loss,LONG,*US S&P OCT. SERVICES PMI AT 55.2; EST. 53.5 [US S&P Services PMI Flash],Economic Event,exact_normalized,100.0
2025-10-11 09:48:11,2025-10-11 09:48:14.317000+00:00,185.33,185.25,185.05,184.27,184.55,2025-10-11 10:03:14,2025-10-11 10:03:19,hold_time,hold_time,SHORT,"$19B WIPED FROM CRYPTO AFTER TRUMP TARIFF SHOCK

Over $19 billion in leveraged crypto positions were liquidated in 24 hours ‚Äî the biggest single-day loss in crypto history. The crash followed U.S. President Donald Trump‚Äôs announcement of a 100% tariff hike on Chinese imports starting November 1.",Twitter WalterBloomberg,exact_normalized,100.0
2025-10-22 19:07:15,2025-10-22 19:08:53.731000+00:00,182.12,182.24,182.4,181.61,181.79,2025-10-22 19:12:23,2025-10-22 19:12:11,stop_loss,stop_loss,LONG,THE TRUMP ADMINISTRATION HAS LIFTED A KEY RESTRICTION ON UKRAINE‚ÄôS USE OF SOME LONG-RANGE MISSILES PROVIDED BY WESTERN ALLIES Walter Bloomberg,Twitter deitaone,fuzzy,93.63295880149812
2025-10-22 06:00:05,2025-10-22 06:00:07.758000+00:00,184.45,184.43,184.1,184.32,184.41,2025-10-22 06:15:07,2025-10-22 06:15:12,hold_time,hold_time,SHORT,*UK SEPT. CORE CPI UNCHANGED M/M; EST. +0.2% [UK Core CPI MoM],Economic Event,exact_normalized,100.0
2025-10-24 12:30:11,2025-10-24 12:30:25.935000+00:00,194.41,195.2,195.66,194.53,195.0,2025-10-24 12:33:29,2025-10-24 12:31:23,stop_loss,stop_loss,LONG,US CPI (Sep):<br/><br/>Headline (MoM): 0.3% vs. 0.4% exp. (prior 0.4%)<br/><br/>Core (MoM): 0.2% vs. 0.3% exp. (prior 0.3%)<br/><br/>Headline (YoY): 3.0% vs. 3.1% exp. (prior 2.9%)<br/><br/>Core (YoY): 3.0% vs. 3.1% exp. (prior 3.1%) Macro analyst,Twitter mrmbrown,fuzzy,96.5
2025-10-24 23:18:13,2025-10-24 23:18:24.044000+00:00,193.18,193.07,193.16,193.59,193.52,2025-10-24 23:33:24,2025-10-24 23:33:29,hold_time,hold_time,LONG,"Congressman Andrew Clyde is doing a truly fantastic job representing the Great People of Georgia‚Äôs 9th Congressional District!

A Brave U.S. Navy Veteran, Andrew knows the Wisdom and Courage required to Defend our Country, Support our incredible Military/Veterans, and Ensure PEACE THROUGH STRENGTH. As a very successful Businessman, Andrew is working tirelessly to Create Jobs, Cut Taxes and Regulations, Strengthen our Economy, and Promote MADE IN THE U.S.A. Andrew is also relentlessly focused on helping us Keep our now very Secure Border, SECURE, Stop Migrant Crime, Promote American Energy DOMINANCE, and Defend our always under siege Second Amendment.

Andrew Clyde has my Complete and Total Endorsement for Re-Election ‚Äì HE WILL NEVER LET YOU DOWN!",Donald J. Trump,fuzzy,98.93758300132802
2025-10-25 12:44:53,2025-10-25 12:44:56.763000+00:00,193.67,193.68,193.84,193.82,193.85,2025-10-25 12:59:56,2025-10-25 13:00:01,hold_time,hold_time,LONG,"Congressman Marlin Stutzman is an America First Patriot, who is doing an incredible job representing the wonderful people of Indiana‚Äôs 3rd Congressional District! ¬† A Fourth Generation Farmer, Marlin is a strong and effective Voice for American Agriculture. In Congress, he is fighting tirelessly to Grow our Economy, Cut Taxes and Regulations, Promote MADE IN THE U.S.A., Advance American Energy DOMINANCE, Keep our now very Secure Border, SECURE, Stop Migrant Crime, Strengthen our Military/Veterans, and Defend our always under siege Second Amendment. ¬† Marlin Stutzman has my Complete and Total Endorsement for Re-Election ‚Äî HE WILL NEVER LET YOU DOWN!",Donald J. Trump,exact_normalized,100.0
2025-09-30 16:34:36,2025-09-30 16:34:41.918000+00:00,204.85,204.85,204.74,204.62,204.67,2025-09-30 16:49:41,2025-09-30 16:49:46,hold_time,hold_time,SHORT,TRUMP: WILL TARIFF PHARMA COMPANIES EXTRA 5% TO 8% IF NO DEALS,Twitter WalterBloomberg,exact_normalized,100.0
2025-10-24 06:00:01,2025-10-24 06:00:06.344000+00:00,193.24,193.16,193.51,192.52,192.85,2025-10-24 06:08:19,2025-10-24 06:07:11,stop_loss,stop_loss,LONG,*UK SEPT. RETAIL SALES RISE 1.5% Y/Y; EST. +0.4% [UK Retail Sales YoY],Economic Event,exact_normalized,100.0
2025-10-25 12:46:58,2025-10-25 12:47:03.003000+00:00,193.84,193.87,193.86,193.66,193.64,2025-10-25 13:02:03,2025-10-25 13:02:08,hold_time,hold_time,LONG,"Greg Steube is a tremendous Representative for the Great People of Florida‚Äôs 17th Congressional District! ¬† A Former Captain of the U.S. Army JAG Corps, Greg knows the Wisdom and Courage that is required to Defend our Country, Support our Incredible Military/Veterans, and Champion PEACE THROUGH STRENGTH. In Congress, Greg is working hard to Keep our now very Secure Border, SECURE, Stop Migrant Crime, Ensure LAW AND ORDER, Grow our Economy, Cut Taxes and Regulations, Promote MADE IN THE U.S.A., Champion Small Business, Advance American Energy DOMINANCE, and Defend our always under siege Second Amendment. ¬† Greg Steube has my Complete and Total Endorsement for Re-Election ‚Äî HE WILL NEVER LET YOU DOWN!",Donald J. Trump,exact_normalized,100.0
2025-11-03 20:33:33,2025-10-25 13:50:35.731000+00:00,166.13,192.45,192.43,192.63,192.63,2025-10-25 14:05:35,2025-10-25 14:05:40,hold_time,hold_time,LONG,"Congresswoman Nicole Malliotakis is a Tremendous Champion for New York‚Äôs 11th Congressional District! ¬† As a Member of the POWERFUL Ways & Means Committee, Nicole knows the America First Policies required to Create GREAT Jobs, Cut Taxes and Regulations, and Champion our Nation‚Äôs Golden Age. She is working hard to Advance American Energy DOMINANCE, Promote MADE IN THE U.S.A., Keep our now very Secure Border, SECURE, Strengthen our Brave Military/Veterans, Champion the Incredible NYPD and NYFD, and Protect our always under siege Second Amendment. ¬† Nicole Malliotakis has my Complete and Total Endorsement for Re-Election ‚Äî SHE WILL NEVER LET YOU DOWN!",Donald J. Trump,fuzzy,99.69418960244649
2025-10-14 16:19:18,2025-10-14 16:19:22.129000+00:00,202.32,202.58,202.52,203.43,203.23,2025-10-14 16:20:22,2025-10-14 16:20:21,stop_loss,stop_loss,SHORT,FED‚ÄôS POWELL: AVAILABLE DATA SHOW TARIFFS PUSHING UP PRICE PRESSURES,Twitter WalterBloomberg,exact_normalized,100.0
2025-10-20 21:57:12,2025-10-20 21:57:15.687000+00:00,188.84,188.82,188.7,189.47,189.34,2025-10-20 22:07:27,2025-10-20 22:07:22,stop_loss,stop_loss,SHORT,"*USTR PROPOSES ADDITIONAL TARIFFS OF UP TO 100% ON NICARAGUA

*USTR PROPOSES RESTRICTING CAFTA-DR BENEFITS TO NICARAGUA

*USTR: NICARAGUA ACTIONS BURDEN OR RESTRICT US COMMERCE",Twitter WalterBloomberg,exact_normalized,100.0
2025-10-22 20:57:01,2025-10-22 20:57:04.924000+00:00,179.94,179.89,179.84,177.71,177.84,2025-10-22 21:12:04,2025-10-22 21:12:09,hold_time,hold_time,SHORT,"‚ÄúTreasury Sanctions Major Russian Oil Companies, Calls on Moscow to Immediately Agree to Ceasefire‚Äù",Donald J. Trump,exact_normalized,100.0
2025-10-15 20:12:24,2025-10-15 20:12:28.280000+00:00,195.0,195.01,194.8,195.72,195.46,2025-10-15 20:18:12,2025-10-15 20:17:46,stop_loss,stop_loss,SHORT,TRUMP CONFIRMS THAT HE AUTHORIZED CIA TO OPERATE IN VENEZUELA,Twitter WalterBloomberg,exact_normalized,100.0
2025-09-29 13:10:41,2025-09-29 13:10:44.640000+00:00,205.32,205.32,205.23,206.05,205.92,2025-09-29 13:18:10,2025-09-29 13:15:19,stop_loss,stop_loss,SHORT,"TRUMP ON TRUTH SOCIAL SAYS HE WILL IMPOSE 'SUBSTANTIAL' TARIFFS ON COUNTRIES NOT MAKING THEIR FURNITURE IN U.S., CITING NORTH CAROLINA'S LOSS OF BUSINESS TO CHINA, OTHER",Twitter WalterBloomberg,exact_normalized,100.0
2025-10-04 20:06:13,2025-10-04 20:06:16.538000+00:00,227.18,227.18,227.17,227.48,227.46,2025-10-04 20:21:16,2025-10-04 20:21:21,hold_time,hold_time,LONG,"TRUMP: AFTER NEGOTIATIONS, ISRAEL HAS AGREED TO INITIAL WITHDRAWAL LINE, WHICH WE HAVE SHOWN TO, AND SHARED WITH, HAMAS",Twitter WalterBloomberg,exact_normalized,100.0
2025-10-04 20:01:42,2025-10-04 20:01:51.304000+00:00,227.03,227.02,226.98,227.36,227.41,2025-10-04 20:16:51,2025-10-04 20:16:56,hold_time,hold_time,SHORT,"Corrupt Letitia James is costing New York State Hundreds of Billions of Dollars in lost business. No company or individual wants to be there, knowing that she‚Äôs the ‚ÄúAttorney General.‚Äù She is a Complete and Total Disaster, who tried running against Kathy Hochul for Governor, and only got 1% of the Vote in Polls, and QUIT. She then went back to her WITCH HUNT against President Donald J. Trump, and others. Until this ‚ÄúSCUM‚Äù is removed from the Attorney General‚Äôs Office, no company will move to New York, and few companies will be using the New York Stock Exchange, or NASDAQ, for going Public. The new Texas Exchange will be taking ALL of this business away, and we‚Äôre talking Hundreds of Billions of Dollars!",Donald J. Trump,exact_normalized,100.0
2025-10-24 12:30:06,2025-10-24 12:30:13.439000+00:00,195.0,194.11,194.74,193.28,193.81,2025-10-24 12:33:42,2025-10-24 12:33:37,stop_loss,stop_loss,LONG,*US SEPT. CORE CPI RISES 0.2% M/M; EST. +0.3% [US Core CPI MoM],Economic Event,exact_normalized,100.0
2025-10-24 08:30:00,2025-10-24 08:30:02.776000+00:00,192.29,192.25,192.38,193.34,193.23,2025-10-24 08:45:02,2025-10-24 08:45:07,hold_time,hold_time,LONG,*UK OCT. MANUFACTURING PMI AT 49.6; EST. 46.6 [UK Mfg PMI Flash],Economic Event,exact_normalized,100.0
2025-10-03 19:01:54,2025-10-03 19:01:58.703000+00:00,233.31,233.19,233.27,233.53,233.98,2025-10-03 19:16:58,2025-10-03 19:17:03,hold_time,hold_time,LONG,"TRUMP CONSIDERING SIGNIFICANT TARIFF RELIEF FOR U.S. AUTO PRODUCTION, REPUBLICAN SENATOR MORENO SAYS",Twitter WalterBloomberg,exact_normalized,100.0
2025-10-20 02:01:13,2025-10-20 02:01:16.129000+00:00,184.83,184.76,184.72,184.15,184.09,2025-10-20 02:11:55,2025-10-20 02:12:07,stop_loss,stop_loss,LONG,*CHINA JAN.-SEPT. INDUSTRIAL OUTPUT RISES 6.5% Y/Y; EST. 5.0% [China Industrial Production YoY],Economic Event,exact_normalized,100.0
2025-10-20 02:00:54,2025-10-20 02:00:56.323000+00:00,184.94,184.89,184.86,184.53,184.57,2025-10-20 02:15:56,2025-10-20 02:16:01,hold_time,hold_time,SHORT,*CHINA JAN.-SEPT. FIXED INVESTMENT FALLS 0.5% Y/Y; EST. +0.1% [China Fixed Asset Investment YTD YoY],Economic Event,exact_normalized,100.0
2025-10-17 11:14:42,2025-10-17 11:14:46.618000+00:00,181.04,180.98,181.33,181.62,181.59,2025-10-17 11:29:46,2025-10-17 11:29:51,hold_time,hold_time,LONG,"TRUMP, ASKED IF HIGH CHINA TARIFFS WILL STAND: NO",Twitter WalterBloomberg,exact_normalized,100.0
2025-10-25 12:54:52,2025-10-25 12:45:55.025000+00:00,193.8,193.85,193.83,193.71,193.72,2025-10-25 13:00:55,2025-10-25 13:01:00,hold_time,hold_time,LONG,"Congressman Jack Bergman is a Tremendous Champion for the Great People of Michigan's 1st Congressional District! ¬† A retired Lieutenant General of the U.S. Marine Corps, Jack bravely served our Nation in combat, and continues to make our Country proud in Congress. Jack is fighting tirelessly to Champion our Amazing Farmers and Ranchers, Advocate for the Working Men and Women of Michigan, Promote MADE IN THE U.S.A., Cut Taxes and Regulations, Advance American Energy DOMINANCE, Keep our now very Secure Border, SECURE, Stop Migrant Crime, Strengthen our Military/Veterans, and Defend our always under siege Second Amendment. ¬† Jack Bergman has my Complete and Total Endorsement ‚Äì HE WILL NEVER LET YOU DOWN!",Donald J. Trump,exact_normalized,100.0
2025-10-23 00:06:09,2025-10-23 00:06:21.644000+00:00,180.03,179.98,179.91,180.16,180.06,2025-10-23 00:21:21,2025-10-23 00:21:26,hold_time,hold_time,SHORT,"Ask former President Barack Hussein Obama whether or not he really believes that in 2020 Joe Biden got 15 Million more Votes than he did in 2012 (65.9 vs. 81 Million). Additionally, ask him why it is that Joe Biden ‚Äúbeat‚Äù Obama in every single Swing State with the Black Vote in 2020, even though Black Voters hate him, but in no other State? THE 2020 ELECTION WAS AN ILLEGAL SCAM/HOAX THAT THE PEOPLE OF OUR GREAT COUNTRY WILL NEVER FORGET!",Donald J. Trump,exact_normalized,100.0
2025-09-29 13:08:26,2025-09-29 13:08:29.764000+00:00,204.93,204.9,204.85,205.59,205.54,2025-09-29 13:13:47,2025-09-29 13:13:37,stop_loss,stop_loss,SHORT,$NFLX - NETFLIX SHARES DOWN 1.6% PREMARKET AFTER US TO IMPOSE 100% TARIFF ON MOVIES MADE OUTSIDE THE COUNTRY,Twitter WalterBloomberg,exact_normalized,100.0
2025-10-01 14:00:24,2025-10-01 14:00:27.786000+00:00,219.13,219.24,219.45,219.04,218.72,2025-10-01 14:15:27,2025-10-01 14:01:27,hold_time,stop_loss,LONG,*US SEPT. ISM MANUFACTURING INDEX RISES TO 49.1; EST. 49,Twitter WalterBloomberg,exact_normalized,100.0
2025-10-22 19:59:31,2025-10-22 19:59:39.116000+00:00,179.64,180.71,180.52,180.1,179.87,2025-10-22 19:59:59,2025-10-22 20:03:45,stop_loss,stop_loss,LONG,"Wilton Simpson is the strong and highly popular Agriculture Commissioner for Florida, my ‚ÄúHome‚Äù State, which I love and won SIX times, including with 6.1 Million Votes in 2024, the most in History (BY FAR)! Wilton is a Fifth Generation Floridian, lifelong Egg Farmer, successful Businessman, former President of the State Senate, and now, as Agriculture Commissioner, has served the Sunshine State during a career ‚Äúloaded up‚Äù with accolades and wins. A true America First Patriot, who has been with us from the very beginning, Wilton is an incredibly effective Voice for Florida Agriculture, and our amazing Farmers and Ranchers. He is fighting tirelessly to Grow our Economy, Cut Taxes and Regulations, Champion American Energy DOMINANCE, Promote MADE IN THE U.S.A., Keep our now very Secure Border, SECURE, Stop Migrant Crime, Murderers, and other Criminals from illegally entering our Country, and Protect our always under siege Second Amendment. Commissioner Wilton Simpson has my Complete and Total Endorsement for Re-Election ‚Äì HE WILL NEVER LET YOU DOWN!",Donald J. Trump,exact_normalized,100.0
2025-10-24 06:00:01,2025-10-24 06:00:07.610000+00:00,193.24,193.49,193.49,192.85,192.85,2025-10-24 06:07:11,2025-10-24 06:07:11,stop_loss,stop_loss,LONG,*UK SEPT. RETAIL SALES RISE 0.5% M/M; EST. -0.2% [UK Retail Sales MoM],Economic Event,exact_normalized,100.0
2025-10-24 13:53:41,2025-10-24 13:53:44.424000+00:00,191.72,191.72,191.71,192.36,192.36,2025-10-24 13:59:30,2025-10-24 13:59:30,stop_loss,stop_loss,SHORT,"üö® BARCLAYS: U.S. SANCTIONS ON RUSSIA COULD PUSH BRENT ABOVE $85

Barclays warned that new U.S. sanctions on Rosneft and Lukoil, which produce over half of Russia‚Äôs oil, could tighten supply and drive Brent crude above $85/b. A full halt of Russian exports to India could erase next year‚Äôs expected surplus. The Treasury allows limited transactions until Nov. 21, but afterward all deals benefiting the companies are banned. Markets remain calm, though Barclays notes oil‚Äôs resilience since 2022 doesn‚Äôt rule out sudden price spikes.",Twitter WalterBloomberg,exact_normalized,100.0
2025-09-30 13:52:41,2025-09-30 13:53:14.845000+00:00,208.48,208.55,208.64,207.86,207.94,2025-09-30 13:54:23,2025-09-30 13:54:15,stop_loss,stop_loss,LONG,TRUMP TO ANNOUNCE DRUG-PRICING DEAL WITH PFIZER: WAPO,Twitter WalterBloomberg,exact_normalized,100.0
2025-10-07 15:27:24,2025-10-07 15:27:27.748000+00:00,223.89,223.87,223.93,222.68,222.69,2025-10-07 15:42:27,2025-10-07 15:42:32,hold_time,hold_time,SHORT,"EU SETS OUT PLAN TO CUT STEEL IMPORT QUOTAS, IMPOSE 50% LEVY

EU: PLAN IS TO LIMIT TARIFF-FREE STEEL IMPORT VOLUMES TO 18.3 MILLION TONS A YEAR

EU: THIS IS 47% REDUCTION COMPARED TO 2024 STEEL QUOTAS

EU: PLAN IS TO DOUBLE LEVEL OF OUT-OF-QUOTA DUTY TO 50%",Twitter WalterBloomberg,exact_normalized,100.0
2025-10-03 18:06:22,2025-10-03 18:06:31.530000+00:00,229.1,229.13,229.24,232.01,231.98,2025-10-03 18:21:31,2025-10-03 18:21:36,hold_time,hold_time,LONG,"It is my Great Honor to endorse America First Patriot Matt Van Epps, who is running to represent the Great People of Tennessee‚Äôs 7th Congressional District. ¬† A West Point Graduate, and Combat Decorated Army Helicopter Pilot, Matt knows the WISDOM and COURAGE required to Defend our Country, Support our Incredible Military/Veterans, and Ensure PEACE THROUGH STRENGTH. In Congress, Matt will work hard to Keep our now very Secure Border, SECURE, Stop Migrant Crime, Grow our Economy, Cut Taxes, Promote MADE IN THE U.S.A., Champion School Choice, Unleash American Energy DOMINANCE, and Defend our always under siege Second Amendment. He is strongly supported by my good friend, Congressman Jim Jordan, and many other highly respected MAGA Warriors! ¬† Matt Van Epps has my Complete and Total Endorsement to be the next Congressman from Tennessee‚Äôs 7th Congressional District ‚Äî HE WILL NEVER LET YOU DOWN!",Donald J. Trump,exact_normalized,100.0
2025-10-25 04:52:23,2025-10-25 04:52:29.035000+00:00,194.01,193.97,194.0,194.17,194.17,2025-10-25 05:07:29,2025-10-25 05:07:34,hold_time,hold_time,LONG,"Congressman Keith Self is a Tremendous Advocate for the Great People of Texas‚Äô 3rd Congressional District! ¬† A West Point Graduate and retired Army Ranger, Keith knows the Wisdom and Courage required to Defend our Country, Support our Incredible Military/Veterans, and Ensure PEACE THROUGH STRENGTH. In Congress, he is working hard to Keep our now very Secure Border, SECURE, Stop Migrant Crime, Cut Taxes and Regulations, Unleash American Energy DOMINANCE, Promote MADE IN THE U.S.A., Safeguard our Elections, and Defend our always under siege Second Amendment. ¬† Keith Self has my Complete and Total Endorsement for Re-Election ‚Äî HE WILL NEVER LET YOU DOWN!",Donald J. Trump,exact_normalized,100.0
2025-10-23 23:01:00,2025-10-23 23:01:01.883000+00:00,190.5,190.51,190.64,190.7,190.7,2025-10-23 23:16:01,2025-10-23 23:16:06,hold_time,hold_time,LONG,*UK OCT. GFK CONSUMER CONFIDENCE RISES TO -17; EST. -20 [UK GfK Consumer Confidence],Economic Event,exact_normalized,100.0
2025-10-10 20:50:01,2025-10-10 20:50:12.824000+00:00,207.01,206.1,205.61,197.82,197.36,2025-10-10 21:05:12,2025-10-10 21:05:17,hold_time,hold_time,SHORT,"It has just been learned that China has taken an extraordinarily aggressive position on Trade in sending an extremely hostile letter to the World, stating that they were going to, effective November 1st, 2025, impose large scale Export Controls on virtually every product they make, and some not even made by them. This affects ALL Countries, without exception, and was obviously a plan devised by them years ago. It is absolutely unheard of in International Trade, and a moral disgrace in dealing with other Nations.Based on the fact that China has taken this unprecedented position, and speaking only for the U.S.A., and not other Nations who were similarly threatened, starting November 1st, 2025 (or sooner, depending on any further actions or changes taken by China), the United States of America will impose a Tariff of 100% on China, over and above any Tariff that they are currently paying. Also on November 1st, we will impose Export Controls on any and all critical software.It is impossible to believe that China would have taken such an action, but they have, and the rest is History. Thank you for your attention to this matter!DONALD J. TRUMPPRESIDENT OF THE UNITED STATES OF AMERICA¬†",Twitter realDonaldTrump,exact_normalized,100.0
