trade_index,trade_time_est,trade_time_utc,trade_direction,trade_action,trade_price,trade_size,trade_pnl,news_found,news_timestamp,news_action,news_confidence,news_source,news_text,news_to_trade_seconds,news_to_trade_minutes,news_to_trade_hours
0,2025-09-28 23:15:29,2025-09-29 03:15:29+00:00,Open Short,SELL,209.051558385,8380.15,-788.347494,True,2025-09-29 03:15:20+00:00,SELL,90,TruthSocial,"<p>Hard to watch the new NFL kickoff. It‚Äôs wrong on every level. They should end it, immediately. Ba",9.0,0.15,0.0025
2,2025-09-29 08:56:11,2025-09-29 12:56:11+00:00,Open Short,SELL,205.5222149622,9136.77,-845.01411,True,2025-09-29 12:56:03+00:00,SELL,80,TruthSocial,"<p>Our movie making business has been stolen from the United States of America, by other Countries, ",8.0,0.13333333333333333,0.0022222222222222222
3,2025-09-29 08:57:22,2025-09-29 12:57:22+00:00,Open Short,SELL,205.5413260611,9141.66,-845.544973,True,2025-09-29 12:57:18+00:00,SELL,80,Twitter,üö® TRUMP: IMPOSING A 100% TARIFF ON FOREIGN MADE MOVIES @WalterBloomberg,4.0,0.06666666666666667,0.0011111111111111111
4,2025-09-29 09:00:00,2025-09-29 13:00:00+00:00,Open Short,SELL,205.1815626373,9151.9,-845.010482,True,2025-09-29 12:59:56+00:00,SELL,80,Twitter,TRUMP ON TRUTH SOCIAL SAYS HE WILL IMPOST 100% TARIFF ON 'ANY AND ALL MOVIES' MADE OUTSIDE OF U.S. @,4.0,0.06666666666666667,0.0011111111111111111
5,2025-09-29 09:04:32,2025-09-29 13:04:32+00:00,Open Short,SELL,204.6335368333,9182.31,-845.553801,True,2025-09-29 13:04:21+00:00,SELL,80,TruthSocial,"<p>In order to make North Carolina, which has completely lost its furniture business to China, and o",11.0,0.18333333333333332,0.0030555555555555557
6,2025-09-29 09:05:37,2025-09-29 13:05:37+00:00,Open Short,SELL,205.1146256993,9159.48,-845.434468,True,2025-09-29 13:05:33+00:00,SELL,80,Twitter,üö® TRUMP: I WILL BE IMPOSING SUBSTANTIAL TARIFFS ON ANY COUNTRY THAT DOES NOT MAKE ITS FURNITURE IN U,4.0,0.06666666666666667,0.0011111111111111111
7,2025-09-29 09:05:48,2025-09-29 13:05:48+00:00,Open Short,SELL,205.0719790914,9160.82,-845.382343,True,2025-09-29 13:05:44+00:00,SELL,80,Twitter,üö® TRUMP: WILL IMPOSING SUBSTANTIAL TARIFFS ON FURNITURE @WalterBloomberg,4.0,0.06666666666666667,0.0011111111111111111
8,2025-09-29 09:08:30,2025-09-29 13:08:30+00:00,Open Short,SELL,204.8577648379,9169.76,-845.323406,True,2025-09-29 13:08:26+00:00,SELL,80,Twitter,$NFLX - NETFLIX SHARES DOWN 1.6% PREMARKET AFTER US TO IMPOSE 100% TARIFF ON MOVIES MADE OUTSIDE THE,4.0,0.06666666666666667,0.0011111111111111111
10,2025-09-29 09:10:45,2025-09-29 13:10:45+00:00,Open Short,SELL,205.2657810897,9152.79,-845.439523,True,2025-09-29 13:08:26+00:00,SELL,80,Twitter,$NFLX - NETFLIX SHARES DOWN 1.6% PREMARKET AFTER US TO IMPOSE 100% TARIFF ON MOVIES MADE OUTSIDE THE,139.0,2.316666666666667,0.03861111111111111
19,2025-09-29 10:00:27,2025-09-29 14:00:27+00:00,Open Long,BUY,208.9913823876,8422.24,-792.078979,True,2025-09-29 14:00:22+00:00,BUY,95,Twitter,*US AUG. PENDING HOME SALES RISE 4% M/M; EST. 0.3% @WalterBloomberg,5.0,0.08333333333333333,0.001388888888888889
21,2025-09-29 10:32:06,2025-09-29 14:32:06+00:00,Open Short,SELL,210.9576967458,8544.91,-811.176502,True,2025-09-29 14:32:01+00:00,SELL,95,Twitter,*US SEPT. DALLAS FED MANUFACTURING INDEX -8.7; EST. -1.0 @WalterBloomberg,5.0,0.08333333333333333,0.001388888888888889
24,2025-09-29 14:08:34,2025-09-29 18:08:34+00:00,Open Long,BUY,209.9264397284,8485.42,-801.591268,True,2025-09-29 16:04:34+00:00,BUY,85,Twitter,KALSHI PREDICTION MARKET SURPASSES ELECTION DAY VOLUME WITH $500M+ TRADED IN A SINGLE WEEKEND @Walte,7440.0,124.0,2.066666666666667
25,2025-09-29 14:12:46,2025-09-29 18:12:46+00:00,Open Long,BUY,209.755040365,8492.5,-801.605071,True,2025-09-29 18:12:42+00:00,BUY,80,Twitter,"WHITE HOUSE UNVEILS TRUMP‚ÄôS PLAN TO END GAZA WAR

The White House outlined President Trump‚Äôs proposa",4.0,0.06666666666666667,0.0011111111111111111
29,2025-09-29 14:28:31,2025-09-29 18:28:31+00:00,Open Long,BUY,209.8599417673,8321.79,-785.88463,True,2025-09-29 18:28:26+00:00,BUY,90,Twitter,TRUMP: ONE OF THE GREATEST DAYS EVER IN CIVILIZATION @WalterBloomberg,5.0,0.08333333333333333,0.001388888888888889
31,2025-09-30 09:53:15,2025-09-30 13:53:15+00:00,Open Long,BUY,208.6494394282,8377.16,-611.761388,True,2025-09-30 13:08:24+00:00,BUY,85,"Velo | [""HOT""] | isHighlight=False | isNarrative=False","THE SEC IS STRONGLY PUSHING FOR ALLOWING STOCKS TO TRADE ONCHAIN, WITH TRADING TO ""BEGIN QUICKLY""
So",2691.0,44.85,0.7475
33,2025-09-30 09:56:27,2025-09-30 13:56:27+00:00,Open Long,BUY,208.1466153892,8398.1,-611.812612,True,2025-09-30 13:08:24+00:00,BUY,85,"Velo | [""HOT""] | isHighlight=False | isNarrative=False","THE SEC IS STRONGLY PUSHING FOR ALLOWING STOCKS TO TRADE ONCHAIN, WITH TRADING TO ""BEGIN QUICKLY""
So",2883.0,48.05,0.8008333333333333
36,2025-09-30 11:54:47,2025-09-30 15:54:47+00:00,Open Long,BUY,205.5876590221,8315.67,-598.359674,True,2025-09-30 15:54:43+00:00,BUY,80,Twitter,TRUMP: PFIZER TO INVEST $70B IN US @WalterBloomberg,4.0,0.06666666666666667,0.0011111111111111111
38,2025-09-30 12:34:43,2025-09-30 16:34:43+00:00,Open Short,SELL,204.7411474893,8283.04,-593.557671,True,2025-09-30 16:25:28+00:00,SELL,85,Twitter,"750,000 EMPLOYEES COULD BE FURLOUGHED EACH DAY IN A GOVERNMENT SHUTDOWN: CBO @WalterBloomberg",555.0,9.25,0.15416666666666667
40,2025-10-01 07:58:29,2025-10-01 11:58:29+00:00,Open Short,SELL,217.6522830689,7780.58,-592.711312,True,2025-10-01 11:58:24+00:00,SELL,80,Twitter,TRUMP EXECUTIVE ORDER REGARDS ATTACK ON QATAR AS THREAT TO US @WalterBloomberg,5.0,0.08333333333333333,0.001388888888888889
42,2025-10-01 10:00:29,2025-10-01 14:00:29+00:00,Open Long,BUY,219.4344895604,7719.13,-592.845147,True,2025-10-01 06:00:07+00:00,BUY,85,Economic Event | [] | isHighlight=False | isNarrative=False,*UK SEPT. NATIONWIDE HOUSE PRICES RISE 0.5% M/M; EST. +0.2%,28822.0,480.3666666666667,8.00611111111111
43,2025-10-01 10:07:00,2025-10-01 14:07:00+00:00,Open Long,BUY,219.8561515019,7704.72,-592.875486,True,2025-10-01 14:06:56+00:00,BUY,85,Twitter,"BITCOIN JUMPS ON WEAK JOBS DATA, FED CUT BETS

Bitcoin hit a two-week high of $116,910 after ADP rep",4.0,0.06666666666666667,0.0011111111111111111
46,2025-10-01 13:37:25,2025-10-01 17:37:25+00:00,Open Short,SELL,219.076021592,7634.31,-585.372955,True,2025-10-01 14:30:01+00:00,SELL,95,"Economic Event | [""WARM""] | isHighlight=False | isNarrative=False",*US CRUDE OIL INVENTORIES ROSE 1.792M BARRELS; EST. +1.048M,11244.0,187.4,3.1233333333333335
48,2025-10-02 06:39:49,2025-10-02 10:39:49+00:00,Open Long,BUY,225.3270592968,7506.98,-592.033954,True,2025-10-02 10:39:45+00:00,BUY,95,Twitter,"US CHALLENGER JOB CUTS SEP: 54,064 (PREV 85,979) @WalterBloomberg",4.0,0.06666666666666667,0.0011111111111111111
50,2025-10-02 12:01:09,2025-10-02 16:01:09+00:00,Open Long,BUY,226.7944083559,7430.48,-589.816915,True,2025-10-02 16:01:02+00:00,BUY,90,Twitter,"BITCOIN EXTENDS GAINS TO BEYOND $120,000 @WalterBloomberg",7.0,0.11666666666666667,0.0019444444444444444
52,2025-10-02 13:17:18,2025-10-02 17:17:18+00:00,Open Short,SELL,228.6313245606,7478.48,-598.435145,True,2025-10-02 14:35:28+00:00,SELL,85,Twitter,"FED'S LOGAN: INFLATION IS RUNNING ABOVE TARGET, TRENDING HIGHER @WalterBloomberg",9710.0,161.83333333333334,2.6972222222222224
54,2025-10-02 15:01:46,2025-10-02 19:01:46+00:00,Open Short,SELL,231.7948875874,7343.93,-595.799868,True,2025-10-02 19:00:35+00:00,SELL,85,Twitter,"PUTIN: SOME PEOPLE ARE PREPARING NUCLEAR TESTS - IF THEY DO A TEST, WE WOULD ALSO TEST @WalterBloomb",71.0,1.1833333333333333,0.01972222222222222
57,2025-10-03 07:34:11,2025-10-03 11:34:11+00:00,Open Short,SELL,229.8509488501,7325.92,-589.354345,True,2025-10-03 11:34:07+00:00,SELL,80,Twitter,TRUMP ADMIN. FREEZES $2.1B IN CHICAGO INFRASTRUCTURE PROJECTS @WalterBloomberg,4.0,0.06666666666666667,0.0011111111111111111
59,2025-10-03 09:12:51,2025-10-03 13:12:51+00:00,Open Long,BUY,229.2555225222,7263.71,-582.835926,True,2025-10-03 13:12:44+00:00,BUY,87,Twitter,"BITCOIN POISED FOR NEW HIGH, SAYS STANDARD CHARTERED

Standard Chartered‚Äôs Geoff Kendrick says Bitco",7.0,0.11666666666666667,0.0019444444444444444
61,2025-10-03 09:45:24,2025-10-03 13:45:24+00:00,Open Long,BUY,229.9889977025,7312.2,-588.603908,True,2025-10-03 13:12:44+00:00,BUY,87,Twitter,"BITCOIN POISED FOR NEW HIGH, SAYS STANDARD CHARTERED

Standard Chartered‚Äôs Geoff Kendrick says Bitco",1960.0,32.666666666666664,0.5444444444444444
64,2025-10-03 10:00:44,2025-10-03 14:00:44+00:00,Open Short,SELL,228.7688876637,7255.18,-580.915775,True,2025-10-03 14:00:00+00:00,SELL,95,"Economic Event | [""WARM""] | isHighlight=False | isNarrative=False",*US SEPT. ISM SERVICES PRICES PAID AT 69.4 VS 69.2; EST. 68.0,44.0,0.7333333333333333,0.012222222222222223
65,2025-10-03 10:01:03,2025-10-03 14:01:03+00:00,Open Short,SELL,228.5656795007,7255.18,-580.399769,True,2025-10-03 14:00:58+00:00,SELL,95,Twitter,"*US SEPT. ISM SERVICES PMI FALLS TO 50 FROM 52; EST. 51.7

*US ISM SERVICES BUSINESS ACTIVITY AT 49.",5.0,0.08333333333333333,0.001388888888888889
68,2025-10-03 11:31:54,2025-10-03 15:31:54+00:00,Open Long,BUY,232.3837346167,7276.57,-591.834742,True,2025-10-03 15:31:50+00:00,BUY,80,Twitter,"CHINA PUSHES TRUMP TO DROP CURBS AS IT DANGLES INVESTMENT 

China is pushing to roll back restrictio",4.0,0.06666666666666667,0.0011111111111111111
69,2025-10-03 11:40:37,2025-10-03 15:40:37+00:00,Open Long,BUY,233.3814023568,7247.87,-592.031287,True,2025-10-03 15:40:33+00:00,BUY,80,Twitter,CHINA DANGLED PROSPECT OF A MASSIVE INVESTMENT PACKAGE IN US AS PART OF PROPOSAL @WalterBloomberg,4.0,0.06666666666666667,0.0011111111111111111
72,2025-10-03 14:06:32,2025-10-03 18:06:32+00:00,Open Long,BUY,229.2572837974,7541.19,-605.105427,True,2025-10-03 18:06:22+00:00,BUY,90,TruthSocial,"<p>It is my Great Honor to endorse America First Patriot Matt Van Epps, who is running to represent ",10.0,0.16666666666666666,0.002777777777777778
74,2025-10-03 15:01:59,2025-10-03 19:01:59+00:00,Open Long,BUY,233.3512377559,7610.79,-621.595504,True,2025-10-03 19:01:54+00:00,BUY,80,Twitter,"TRUMP CONSIDERING SIGNIFICANT TARIFF RELIEF FOR U.S. AUTO PRODUCTION, REPUBLICAN SENATOR MORENO SAYS",5.0,0.08333333333333333,0.001388888888888889
76,2025-10-03 15:51:31,2025-10-03 19:51:31+00:00,Open Long,BUY,233.6508068154,7603.97,-621.835753,True,2025-10-03 19:51:26+00:00,BUY,80,Twitter,"HAMAS SAYS IT AGREES TO RELEASE ALL ISRAELI HOSTAGES, ALIVE OR BODIES, UNDER TRUMP‚ÄôS GAZA PROPOSAL ‚Äì",5.0,0.08333333333333333,0.001388888888888889
79,2025-10-04 16:01:52,2025-10-04 20:01:52+00:00,Open Short,SELL,227.1084290152,7734.83,-526.993501,True,2025-10-04 20:01:42+00:00,SELL,90,TruthSocial,<p>Corrupt Letitia James is costing New York State Hundreds of Billions of Dollars in lost business.,10.0,0.16666666666666666,0.002777777777777778
81,2025-10-05 11:43:44,2025-10-05 15:43:44+00:00,Open Short,SELL,229.9677709793,7588.31,-523.519979,True,2025-10-04 20:01:42+00:00,SELL,90,TruthSocial,<p>Corrupt Letitia James is costing New York State Hundreds of Billions of Dollars in lost business.,70922.0,1182.0333333333333,19.700555555555557
83,2025-10-06 07:43:46,2025-10-06 11:43:46+00:00,Open Long,BUY,233.5325687771,7495.59,-525.139277,True,2025-10-06 10:57:31+00:00,BUY,85,Twitter,*AMD SHARES JUMP 16% ON CHIP DEAL WITH OPENAI @WalterBloomberg,2775.0,46.25,0.7708333333333334
85,2025-10-06 13:22:17,2025-10-06 17:22:17+00:00,Open Long,BUY,237.1098362383,7337.49,-521.937286,True,2025-10-06 17:22:13+00:00,BUY,80,Twitter,WHITE HOUSE: TRUMP READY TO SIGN BILL TO REOPEN GOVERNMENT AS SOON AS ITS SENT TO HIS DESK @WalterBl,4.0,0.06666666666666667,0.0011111111111111111
87,2025-10-06 13:44:59,2025-10-06 17:44:59+00:00,Open Short,SELL,236.1745424056,7278.17,-515.675505,True,2025-10-06 17:44:54+00:00,SELL,90,TruthSocial,"<p>Beginning November 1st, 2025, all Medium and Heavy Duty Trucks coming into the United States from",5.0,0.08333333333333333,0.001388888888888889
88,2025-10-06 13:47:04,2025-10-06 17:47:04+00:00,Open Short,SELL,235.9405586687,7288.04,-515.86323,True,2025-10-06 17:47:00+00:00,SELL,90,Twitter,"*TRUMP: ALL MEDIUM AND HEAVY DUTY TRUCKS WILL BE TARIFFED AT 25%

*TRUMP: TRUCK TARIFFS TO BEGIN NOV",4.0,0.06666666666666667,0.0011111111111111111
92,2025-10-07 08:10:20,2025-10-07 12:10:20+00:00,Open Short,SELL,230.4334528873,7312.46,-505.510584,True,2025-10-07 06:00:04+00:00,SELL,95,Economic Event | [] | isHighlight=False | isNarrative=False,*GERMANY AUG. FACTORY ORDERS FALL 0.8% M/M; EST. 1.4%,22216.0,370.26666666666665,6.171111111111111
94,2025-10-07 08:53:21,2025-10-07 12:53:21+00:00,Open Long,BUY,230.4319263088,7355.83,-508.505396,True,2025-10-07 12:42:43+00:00,BUY,87,Twitter,"GOLDMAN SACHS: GOLD COULD REACH $4,900 BY LATE 2026

Goldman Sachs expects gold to hit $4,900 per ou",638.0,10.633333333333333,0.17722222222222223
96,2025-10-07 11:27:28,2025-10-07 15:27:28+00:00,Open Short,SELL,224.1086564303,7578.84,-509.545061,True,2025-10-07 15:27:24+00:00,SELL,90,Twitter,"EU SETS OUT PLAN TO CUT STEEL IMPORT QUOTAS, IMPOSE 50% LEVY

EU: PLAN IS TO LIMIT TARIFF-FREE STEEL",4.0,0.06666666666666667,0.0011111111111111111
98,2025-10-07 12:15:49,2025-10-07 16:15:49+00:00,Open Short,SELL,223.2668249408,7682.66,-514.584904,True,2025-10-07 16:15:41+00:00,SELL,80,Twitter,TRUMP: INSURRECTION ACT HAS BEEN INVOKED BEFORE @WalterBloomberg,8.0,0.13333333333333333,0.0022222222222222222
99,2025-10-07 12:24:31,2025-10-07 16:24:31+00:00,Open Short,SELL,222.8648874503,7694.38,-514.442084,True,2025-10-07 16:24:27+00:00,SELL,80,Twitter,TRUMP: WILL HAVE TARIFFS WITH CANADA @WalterBloomberg,4.0,0.06666666666666667,0.0011111111111111111
102,2025-10-07 13:30:40,2025-10-07 17:30:40+00:00,Open Short,SELL,223.6156770678,7569.7,-507.811053,True,2025-10-07 16:24:27+00:00,SELL,80,Twitter,TRUMP: WILL HAVE TARIFFS WITH CANADA @WalterBloomberg,3973.0,66.21666666666667,1.103611111111111
104,2025-10-07 21:27:00,2025-10-08 01:27:00+00:00,Open Short,SELL,222.1253928259,7551.31,-503.201271,True,2025-10-08 01:26:45+00:00,SELL,90,TruthSocial,"<p>Sanctimonious Richard ‚ÄúDa Nang Dick‚Äù Blumenthal, perhaps the biggest ‚Äújoke‚Äù in the United States ",15.0,0.25,0.004166666666666667
106,2025-10-07 22:03:02,2025-10-08 02:03:02+00:00,Open Short,SELL,221.8119644608,7578.67,-504.311868,True,2025-10-08 01:26:45+00:00,SELL,90,TruthSocial,"<p>Sanctimonious Richard ‚ÄúDa Nang Dick‚Äù Blumenthal, perhaps the biggest ‚Äújoke‚Äù in the United States ",2177.0,36.28333333333333,0.6047222222222223
109,2025-10-08 08:20:10,2025-10-08 12:20:10+00:00,Open Short,SELL,221.6487721374,7504.83,-499.030884,True,2025-10-08 12:19:54+00:00,SELL,85,TruthSocial,<p>Chicago Mayor should be in jail for failing to protect Ice Officers! Governor Pritzker also!</p>,16.0,0.26666666666666666,0.0044444444444444444
111,2025-10-08 08:56:01,2025-10-08 12:56:01+00:00,Open Long,BUY,222.0079131988,7434.92,-495.183279,True,2025-10-08 12:10:32+00:00,BUY,85,Twitter,$NVDA - NVIDIA CEO SAYS ALREADY AN INVESTOR IN ELON MUSK'S XAI @WalterBloomberg,2729.0,45.483333333333334,0.7580555555555556
113,2025-10-08 10:52:39,2025-10-08 14:52:39+00:00,Open Long,BUY,220.3740321606,7483.06,-494.721599,True,2025-10-08 14:52:14+00:00,BUY,90,TruthSocial,"<p>Florida Attorney General James Uthmeier is doing a GREAT job for the Sunshine State, which I won ",25.0,0.4166666666666667,0.006944444444444444
114,2025-10-08 10:57:43,2025-10-08 14:57:43+00:00,Open Long,BUY,219.889991188,7501.1,-494.825007,True,2025-10-08 14:52:14+00:00,BUY,90,TruthSocial,"<p>Florida Attorney General James Uthmeier is doing a GREAT job for the Sunshine State, which I won ",329.0,5.483333333333333,0.0913888888888889
117,2025-10-08 18:51:50,2025-10-08 22:51:50+00:00,Open Long,BUY,229.1931375569,7311.23,-502.705089,True,2025-10-08 22:51:35+00:00,BUY,85,TruthSocial,<p>I am very proud to announce that Israel and Hamas have both signed off on the first Phase of our ,15.0,0.25,0.004166666666666667
118,2025-10-08 18:53:26,2025-10-08 22:53:26+00:00,Open Long,BUY,229.1867278122,7313.15,-502.823044,True,2025-10-08 22:53:22+00:00,BUY,80,Twitter,TRUMP: ISRAEL AND HAMAS HAVE BOTH SIGNED OFF ON FIRST PHASE OF OUR PEACE PLAN. @WalterBloomberg,4.0,0.06666666666666667,0.0011111111111111111
121,2025-10-09 07:44:05,2025-10-09 11:44:05+00:00,Open Long,BUY,223.7679006652,7320.7,-491.441264,True,2025-10-09 11:43:35+00:00,BUY,85,TruthSocial,"<p>United States Ambassador Mike Huckabee is AMAZING! He worked so hard, and did so much, to bring a",30.0,0.5,0.008333333333333333
123,2025-10-09 12:56:52,2025-10-09 16:56:52+00:00,Open Long,BUY,218.0924377409,7439.47,-486.747618,True,2025-10-09 16:56:46+00:00,BUY,80,Twitter,"BRENT, US CRUDE FUTURES FALL BY OVER $1 AFTER GAZA CEASEFIRE DEAL @WalterBloomberg",6.0,0.1,0.0016666666666666668
125,2025-10-09 13:04:10,2025-10-09 17:04:10+00:00,Open Long,BUY,217.444146315,7463.76,-486.885245,True,2025-10-09 16:56:46+00:00,BUY,80,Twitter,"BRENT, US CRUDE FUTURES FALL BY OVER $1 AFTER GAZA CEASEFIRE DEAL @WalterBloomberg",444.0,7.4,0.12333333333333334
128,2025-10-09 22:15:25,2025-10-10 02:15:25+00:00,Open Long,BUY,220.9383422919,7318.84,-485.103678,True,2025-10-09 23:50:01+00:00,BUY,95,Economic Event | [] | isHighlight=False | isNarrative=False,*JAPAN SEPT. PRODUCER PRICES RISE 0.3% M/M; EST. +0.1%,8724.0,145.4,2.4233333333333333
130,2025-10-10 10:58:07,2025-10-10 14:58:07+00:00,Open Short,SELL,221.2668150918,7330.07,-486.570337,True,2025-10-10 14:57:52+00:00,SELL,85,TruthSocial,"<p>Some very strange things are happening in China! They are becoming very hostile, and sending lett",15.0,0.25,0.004166666666666667
131,2025-10-10 10:58:22,2025-10-10 14:58:22+00:00,Open Short,SELL,220.5758920007,7389.12,-488.958418,True,2025-10-10 14:58:13+00:00,SELL,85,"TradFi | [""WARM""] | isHighlight=False | isNarrative=False",*TRUMP: WILL BE FORCED TO FINANCIALLY COUNTER CHINA'S MOVE,9.0,0.15,0.0025
132,2025-10-10 10:59:17,2025-10-10 14:59:17+00:00,Open Short,SELL,220.162881081,7403.02,-488.961026,True,2025-10-10 14:58:23+00:00,SELL,80,"TradFi | [""HOT""] | isHighlight=False | isNarrative=False",*TRUMP: CONSIDERING MASSIVE INCREASE OF TARIFFS ON CHINESE PRODUCTS,54.0,0.9,0.015
133,2025-10-10 10:59:53,2025-10-10 14:59:53+00:00,Open Short,SELL,219.8211847717,7423.54,-489.555382,True,2025-10-10 14:59:47+00:00,SELL,80,Twitter,*TRUMP: CALCULATING INCREASED TARIFFS ON CHINESE PRODUCTS @WalterBloomberg,6.0,0.1,0.0016666666666666668
134,2025-10-10 11:08:24,2025-10-10 15:08:24+00:00,Open Short,SELL,218.6937732993,7470.73,-490.140563,True,2025-10-10 15:08:20+00:00,SELL,80,Twitter,TREASURIES TO DAY'S HIGHS AFTER TRUMP THREATENS TARIFF HIKES @WalterBloomberg,4.0,0.06666666666666667,0.0011111111111111111
141,2025-10-10 16:50:12,2025-10-10 20:50:12+00:00,Open Short,SELL,206.2369859005,8461.3,-523.509866,True,2025-10-10 20:50:01+00:00,SELL,95,TruthSocial,<p>It has just been learned that China has taken an extraordinarily aggressive position on Trade in ,11.0,0.18333333333333332,0.0030555555555555557
142,2025-10-10 16:50:14,2025-10-10 20:50:14+00:00,Open Short,SELL,206.1014804581,8461.3,-523.165916,True,2025-10-10 20:50:13+00:00,SELL,95,"TradFi | [""HOT""] | isHighlight=False | isNarrative=False",*TRUMP: US TO IMPOSE 100% TARIFF ON CHINA STARTING NOV 1,1.0,0.016666666666666666,0.0002777777777777778
144,2025-10-10 17:03:06,2025-10-10 21:03:06+00:00,Open Short,SELL,197.56188002,10699.62,-634.151082,True,2025-10-10 21:02:58+00:00,SELL,95,Twitter,"TRUMP: UNITED STATES OF AMERICA WILL IMPOSE A TARIFF OF 100% ON CHINA, OVER AND ABOVE ANY TARIFF THA",8.0,0.13333333333333333,0.0022222222222222222
146,2025-10-10 17:03:43,2025-10-10 21:03:43+00:00,Open Short,SELL,197.8724218369,10671.28,-633.465587,True,2025-10-10 21:03:36+00:00,SELL,80,Twitter,*US TO IMPOSE EXPORT CURBS ON CRITICAL SOFTWARE TO CHINA NOV 1 @WalterBloomberg,7.0,0.11666666666666667,0.0019444444444444444
147,2025-10-10 17:03:58,2025-10-10 21:03:58+00:00,Open Short,SELL,197.8213058864,10673.44,-633.430119,True,2025-10-10 21:03:50+00:00,SELL,95,Twitter,"*TRUMP: US WILL IMPOSE 100% TARIFF ON CHINA STARTING NOV 1

*TRUMP: US TARIFF ACTION BASED ON CHINA'",8.0,0.13333333333333333,0.0022222222222222222
150,2025-10-11 05:48:15,2025-10-11 09:48:15+00:00,Open Short,SELL,185.3461554605,12445.86,-692.037641,True,2025-10-11 09:48:11+00:00,SELL,95,Twitter,"$19B WIPED FROM CRYPTO AFTER TRUMP TARIFF SHOCK

Over $19 billion in leveraged crypto positions were",4.0,0.06666666666666667,0.0011111111111111111
152,2025-10-12 02:45:30,2025-10-12 06:45:30+00:00,Open Short,SELL,181.8932405686,12767.79,-696.712367,True,2025-10-12 06:45:25+00:00,SELL,90,Twitter,"CHINA: ‚ÄòNOT AFRAID‚Äô OF TRADE WAR WITH US

China‚Äôs Ministry of Commerce said it does not seek a trade",5.0,0.08333333333333333,0.001388888888888889
154,2025-10-12 08:14:44,2025-10-12 12:14:44+00:00,Open Short,SELL,182.1135889984,12669.05,-692.161805,True,2025-10-12 06:45:25+00:00,SELL,90,Twitter,"CHINA: ‚ÄòNOT AFRAID‚Äô OF TRADE WAR WITH US

China‚Äôs Ministry of Commerce said it does not seek a trade",19759.0,329.31666666666666,5.488611111111111
157,2025-10-12 17:07:42,2025-10-12 21:07:42+00:00,Open Long,BUY,196.5550635139,11837.57,-698.020265,True,2025-10-12 20:02:41+00:00,BUY,85,TruthSocial,"<p>Lord Conrad Black: ""Because President Trump did it, there has been little recognition that it is ",3901.0,65.01666666666667,1.083611111111111
159,2025-10-12 17:26:34,2025-10-12 21:26:34+00:00,Open Short,SELL,195.6287647785,11816.99,-693.522922,True,2025-10-12 06:45:25+00:00,SELL,90,Twitter,"CHINA: ‚ÄòNOT AFRAID‚Äô OF TRADE WAR WITH US

China‚Äôs Ministry of Commerce said it does not seek a trade",52869.0,881.15,14.685833333333333
161,2025-10-13 10:13:58,2025-10-13 14:13:58+00:00,Open Short,SELL,194.9899300003,10964.34,-641.380727,True,2025-10-13 13:52:40+00:00,SELL,80,Twitter,ISRAEL'S DEFENSE MINISTER SAYS HAMAS ANNOUNCEMENT ABOUT HANDING OVER FOUR HOSTAGES BODIES IS 'FAILUR,1278.0,21.3,0.355
163,2025-10-13 10:32:21,2025-10-13 14:32:21+00:00,Open Short,SELL,192.7233087913,11297.63,-653.19496,True,2025-10-13 14:31:48+00:00,SELL,85,News Summary | [] | isHighlight=False | isNarrative=True,*CHINA URGES US TO DROP 100% TARIFF THREAT: FORTUNE<br/>*CHINA CALLS ON US TO 'CORRECT ERRONEOUS PRA,33.0,0.55,0.009166666666666667
165,2025-10-13 14:14:50,2025-10-13 18:14:50+00:00,Open Long,BUY,204.4680675824,10536.18,-646.293672,True,2025-10-13 18:14:46+00:00,BUY,80,Twitter,"TRUMP: ‚ÄòNO WORLD WAR III IF WE‚ÄôRE SMART‚Äô

U.S. President Donald Trump said Monday that a new world w",4.0,0.06666666666666667,0.0011111111111111111
167,2025-10-13 21:05:36,2025-10-14 01:05:36+00:00,Open Short,SELL,208.1441976209,10521.46,-656.994219,True,2025-10-14 01:05:28+00:00,SELL,85,Twitter,*CHINA VOWS TO FIGHT TRADE WAR 'TO THE END‚Äô @WalterBloomberg,8.0,0.13333333333333333,0.0022222222222222222
170,2025-10-14 12:19:23,2025-10-14 16:19:23+00:00,Open Short,SELL,202.6697325812,10718.02,-651.665425,True,2025-10-14 15:39:49+00:00,SELL,80,Twitter,*GREER: CHINA RARE EARTHS MEASURE CAME OUT OF NOWHERE @WalterBloomberg,2374.0,39.56666666666667,0.6594444444444445
172,2025-10-14 12:38:25,2025-10-14 16:38:25+00:00,Open Short,SELL,203.2974196224,10489.86,-639.768406,True,2025-10-14 16:38:20+00:00,SELL,80,Twitter,FED'S POWELL: A RISK THAT SLOW PASS THROUGH OF TARIFFS STARTS TO LOOK LIKE PERSISTENT INFLATION @Wal,5.0,0.08333333333333333,0.001388888888888889
174,2025-10-14 19:26:52,2025-10-14 23:26:52+00:00,Open Long,BUY,202.8982890188,10410.05,-633.654366,True,2025-10-14 23:26:43+00:00,BUY,90,TruthSocial,<p>Congressman Bob Onder is a MAGA Warrior who is doing a fantastic job representing Missouri‚Äôs 3rd ,9.0,0.15,0.0025
176,2025-10-15 00:01:29,2025-10-15 04:01:29+00:00,Open Short,SELL,201.258208757,10496.51,-633.752601,True,2025-10-14 16:38:20+00:00,SELL,80,Twitter,FED'S POWELL: A RISK THAT SLOW PASS THROUGH OF TARIFFS STARTS TO LOOK LIKE PERSISTENT INFLATION @Wal,40989.0,683.15,11.385833333333334
178,2025-10-15 08:31:32,2025-10-15 12:31:32+00:00,Open Long,BUY,202.0388983962,10437.6,-632.640308,True,2025-10-15 12:31:24+00:00,BUY,95,Twitter,*US OCT. EMPIRE STATE FACTORY INDEX AT 10.7; EST. -1.4 @WalterBloomberg,8.0,0.13333333333333333,0.0022222222222222222
179,2025-10-15 08:43:04,2025-10-15 12:43:04+00:00,Open Long,BUY,202.7995768658,10400.01,-632.735245,True,2025-10-15 12:43:00+00:00,BUY,80,Twitter,BESSENT: ABOUT TO FINISH TRADE DEAL WITH SOUTH KOREA @WalterBloomberg,4.0,0.06666666666666667,0.0011111111111111111
182,2025-10-15 16:12:29,2025-10-15 20:12:29+00:00,Open Short,SELL,194.917817008,10936.87,-639.537186,True,2025-10-15 18:56:11+00:00,SELL,85,Twitter,U.S. SENATE REJECTS REPUBLICAN GOVERNMENT FUNDING BILL; NO CLEAR PATH TO ENDING SHUTDOWN @WalterBloo,4578.0,76.3,1.2716666666666667
184,2025-10-16 13:31:33,2025-10-16 17:31:33+00:00,Open Short,SELL,190.2636463395,11335.56,-647.023457,True,2025-10-16 17:30:50+00:00,SELL,90,"TradFi | [""WARM""] | isHighlight=False | isNarrative=False"," *TRUMP: IF HAMAS CONTINUES TO KILL IN GAZA, US WILL 'GO IN AND KILL THEM'",43.0,0.7166666666666667,0.011944444444444445
186,2025-10-16 14:36:38,2025-10-16 18:36:38+00:00,Open Long,BUY,188.1755154125,11614.58,-655.673833,True,2025-10-16 18:36:33+00:00,BUY,80,Twitter,üö® U.S. AND INDIA HAVE HAD PRODUCTIVE DISCUSSIONS THAT HAVE LED INDIA TO ALREADY CUT RUSSIA OIL IMPOR,5.0,0.08333333333333333,0.001388888888888889
188,2025-10-17 05:00:12,2025-10-17 09:00:12+00:00,Open Short,SELL,175.3139069128,12485.28,-656.652918,True,2025-10-16 18:41:27+00:00,SELL,85,TruthSocial,<p>I am outraged that the International Maritime Organization is voting in London this week to pass ,51525.0,858.75,14.3125
190,2025-10-17 07:13:28,2025-10-17 11:13:28+00:00,Open Long,BUY,180.1473432131,12028.59,-650.075474,True,2025-10-17 11:13:12+00:00,BUY,80,Bloomberg | [] | isHighlight=True | isNarrative=False,"*TRUMP, ASKED IF HIGH CHINA TARIFFS WILL STAND: NO",16.0,0.26666666666666666,0.0044444444444444444
191,2025-10-17 07:14:48,2025-10-17 11:14:48+00:00,Open Long,BUY,181.1392198677,12098.46,-657.451638,True,2025-10-17 11:14:42+00:00,BUY,80,Twitter,"TRUMP, ASKED IF HIGH CHINA TARIFFS WILL STAND: NO @WalterBloomberg",6.0,0.1,0.0016666666666666668
195,2025-10-17 08:14:10,2025-10-17 12:14:10+00:00,Open Short,SELL,181.2005471814,12322.97,-669.87863,True,2025-10-17 12:14:02+00:00,SELL,85,Twitter,üö®üö® *CHINA HAS RIGHT TO TAKE COUNTERMEASURES AGAINST US: MINISTER @WalterBloomberg,8.0,0.13333333333333333,0.0022222222222222222
197,2025-10-17 12:40:46,2025-10-17 16:40:46+00:00,Open Short,SELL,183.1603256645,12055.35,-662.418505,True,2025-10-17 13:44:12+00:00,SELL,85,Twitter,"SPOT PALLADIUM  EXTENDS LOSSES, LAST DOWN 7% AT $1,499.75/OZ @WalterBloomberg",10594.0,176.56666666666666,2.9427777777777777
199,2025-10-17 13:57:03,2025-10-17 17:57:03+00:00,Open Long,BUY,183.9396942876,12179.42,-672.083585,True,2025-10-17 17:56:58+00:00,BUY,80,Twitter,"üö® Canada Extends by Two Months Exemption From Counter Tariffs on US Goods Used in Manufacturing, Pro",5.0,0.08333333333333333,0.001388888888888889
201,2025-10-18 14:54:43,2025-10-18 18:54:43+00:00,Open Short,SELL,185.7631132453,12084.56,-673.459583,True,2025-10-18 00:48:46+00:00,SELL,80,Twitter,"*US TO EXTEND USMCA TARIFF CARVEOUT TO MEDIUM, HEAVY TRUCK LEVY

*US TO IMPOSE 10% TARIFF ON IMPORTE",65157.0,1085.95,18.099166666666665
203,2025-10-19 08:45:35,2025-10-19 12:45:35+00:00,Open Short,SELL,188.3196604988,11958.72,-675.618565,True,2025-10-18 20:04:04+00:00,SELL,85,Twitter,"ECB OFFICIAL WARNS OF STABLECOIN RISKS

Piero Cipollone of the European Central Bank said Europe mus",60091.0,1001.5166666666667,16.691944444444445
205,2025-10-19 09:58:33,2025-10-19 13:58:33+00:00,Open Short,SELL,190.5376755848,11723.68,-670.140772,True,2025-10-19 13:58:26+00:00,SELL,80,TruthSocial,"<p>President Gustavo Petro, of Colombia, is an illegal drug leader strongly encouraging the massive ",7.0,0.11666666666666667,0.0019444444444444444
207,2025-10-19 22:00:57,2025-10-20 02:00:57+00:00,Open Short,SELL,184.8309157104,12141.83,-673.25563,True,2025-10-20 02:00:54+00:00,SELL,95,"Economic Event | [""WARM""] | isHighlight=False | isNarrative=False",*CHINA JAN.-SEPT. FIXED INVESTMENT FALLS 0.5% Y/Y; EST. +0.1%,3.0,0.05,0.0008333333333333334
209,2025-10-20 11:52:32,2025-10-20 15:52:32+00:00,Open Short,SELL,191.5409398509,11721.54,-673.54638,True,2025-10-20 15:52:21+00:00,SELL,80,Bloomberg | [] | isHighlight=False | isNarrative=True,*TRUMP: CHINA MAY PAY 155% TARIFF IF NO DEAL BY NOV 1,11.0,0.18333333333333332,0.0030555555555555557
210,2025-10-20 11:53:04,2025-10-20 15:53:04+00:00,Open Short,SELL,191.8114187558,11716.04,-674.181038,True,2025-10-20 15:52:59+00:00,SELL,80,Twitter,"üö®*TRUMP: CHINA MAY PAY 155% TARIFF IF NO DEAL BY NOV 1  

*TRUMP: MEETING WITH XI IN A COUPLE WEEKS ",5.0,0.08333333333333333,0.001388888888888889
213,2025-10-20 17:57:16,2025-10-20 21:57:16+00:00,Open Short,SELL,188.7584205407,12605.01,-713.790481,True,2025-10-20 21:57:12+00:00,SELL,80,Twitter,"*USTR PROPOSES ADDITIONAL TARIFFS OF UP TO 100% ON NICARAGUA

*USTR PROPOSES RESTRICTING CAFTA-DR BE",4.0,0.06666666666666667,0.0011111111111111111
215,2025-10-21 08:30:04,2025-10-21 12:30:04+00:00,Open Short,SELL,186.6873130919,12482.34,-699.088297,True,2025-10-21 12:30:00+00:00,SELL,95,"Economic Event | [""WARM""] | isHighlight=False | isNarrative=False",*CANADA SEPT. MEDIAN CPI RISES 3.2% Y/Y; EST. +3.0%,4.0,0.06666666666666667,0.0011111111111111111
217,2025-10-21 16:51:53,2025-10-21 20:51:53+00:00,Open Long,BUY,191.4125128318,12046.25,-691.740851,True,2025-10-21 20:51:51+00:00,BUY,80,"DJ | [""HOT""] | isHighlight=False | isNarrative=False",*Trump Administration to Release Over $3 Billion in Farm Aid Frozen by Shutdown -- WSJ,2.0,0.03333333333333333,0.0005555555555555556
218,2025-10-21 16:55:19,2025-10-21 20:55:19+00:00,Open Long,BUY,191.7113997758,12026.14,-691.664396,True,2025-10-21 20:55:15+00:00,BUY,80,Twitter,TRUMP ADMINISTRATION IS PLANNING TO RELEASE MORE THAN $3 BILLION  TO U.S. FARMERS IN AID FROZEN BY S,4.0,0.06666666666666667,0.0011111111111111111
221,2025-10-21 17:12:07,2025-10-21 21:12:07+00:00,Open Short,SELL,191.2597300686,11938.96,-685.032636,True,2025-10-21 21:12:03+00:00,SELL,90,Twitter,"*TRUMP: AS OF NOV. 1, TARIFFS ON CHINA WILL BE ABOUT 155%

*TRUMP: HIGHER TARIFFS ON CHINA WON'T BE ",4.0,0.06666666666666667,0.0011111111111111111
223,2025-10-21 19:08:34,2025-10-21 23:08:34+00:00,Open Long,BUY,188.7317776054,12413.61,-702.852767,True,2025-10-21 23:08:26+00:00,BUY,88,TruthSocial,"<p>Congressman Paul Gosar, D.D.S., is an America First Patriot, who is doing a fantastic job represe",8.0,0.13333333333333333,0.0022222222222222222
225,2025-10-21 19:50:04,2025-10-21 23:50:04+00:00,Open Long,BUY,185.8866265582,12490.3,-696.533873,True,2025-10-21 23:50:00+00:00,BUY,95,Economic Event | [] | isHighlight=False | isNarrative=False,*JAPAN SEPT. IMPORTS RISE 3.3% Y/Y; EST. +0.6%,4.0,0.06666666666666667,0.0011111111111111111
227,2025-10-21 21:00:22,2025-10-22 01:00:22+00:00,Open Long,BUY,185.6393905433,12342.96,-687.401825,True,2025-10-22 01:00:17+00:00,BUY,80,Twitter,"*INDIA, US TRADE DEAL LIKELY SOON WITH TARIFF CUTS: MINT

*INDIA TRADE DEAL MAY SEE EXPORT TARIFF RA",5.0,0.08333333333333333,0.001388888888888889
229,2025-10-22 02:00:08,2025-10-22 06:00:08+00:00,Open Short,SELL,184.3678166224,12511.67,-692.024718,True,2025-10-22 06:00:05+00:00,SELL,95,"Economic Event | [""WARM""] | isHighlight=False | isNarrative=False",*UK SEPT. CORE CPI UNCHANGED M/M; EST. +0.2%,3.0,0.05,0.0008333333333333334
230,2025-10-22 02:00:10,2025-10-22 06:00:10+00:00,Open Short,SELL,184.1660159195,12511.67,-691.267255,True,2025-10-22 06:00:05+00:00,SELL,95,"Economic Event | [""WARM""] | isHighlight=False | isNarrative=False",*UK SEPT. CORE CPI UNCHANGED M/M; EST. +0.2%,5.0,0.08333333333333333,0.001388888888888889
234,2025-10-22 10:30:05,2025-10-22 14:30:05+00:00,Open Long,BUY,182.5379686315,12555.28,-687.54454,True,2025-10-22 14:30:02+00:00,BUY,95,"Economic Event | [""WARM""] | isHighlight=False | isNarrative=False",*US CRUDE OIL INVENTORIES FELL 0.961M BARRELS; EST. +1.205M,3.0,0.05,0.0008333333333333334
236,2025-10-22 12:30:58,2025-10-22 16:30:58+00:00,Open Short,SELL,182.6417570552,12364.21,-677.466271,True,2025-10-22 16:30:49+00:00,SELL,80,Twitter,üö® TRUMP ADMINISTRATION CONSIDERING PLAN TO RESTRICT GLOBALLY PRODUCED EXPORTS TO CHINA MADE WITH OR ,9.0,0.15,0.0025
238,2025-10-22 12:34:16,2025-10-22 16:34:16+00:00,Open Short,SELL,183.2381378075,12162.76,-668.6044,True,2025-10-22 16:34:11+00:00,SELL,80,Twitter,"üö® TRUMP ADMINISTRATION MULLS BROAD SOFTWARE EXPORT CURBS ON CHINA

The Trump administration is consi",5.0,0.08333333333333333,0.001388888888888889
240,2025-10-22 15:07:19,2025-10-22 19:07:19+00:00,Open Long,BUY,182.0403443801,12122.07,-662.011682,True,2025-10-22 19:07:15+00:00,BUY,80,Twitter,THE TRUMP ADMINISTRATION HAS LIFTED A KEY RESTRICTION ON UKRAINE‚ÄôS USE OF SOME LONG-RANGE MISSILES P,4.0,0.06666666666666667,0.0011111111111111111
241,2025-10-22 15:08:54,2025-10-22 19:08:54+00:00,Open Long,BUY,182.2818678677,12112.1,-662.344819,True,2025-10-22 19:07:15+00:00,BUY,80,Twitter,THE TRUMP ADMINISTRATION HAS LIFTED A KEY RESTRICTION ON UKRAINE‚ÄôS USE OF SOME LONG-RANGE MISSILES P,99.0,1.65,0.0275
244,2025-10-22 15:59:41,2025-10-22 19:59:41+00:00,Open Long,BUY,180.8363902562,12089.75,-655.879984,True,2025-10-22 19:59:31+00:00,BUY,90,TruthSocial,"<p>Wilton Simpson is the strong and highly popular Agriculture Commissioner for Florida, my ‚ÄúHome‚Äù S",10.0,0.16666666666666666,0.002777777777777778
246,2025-10-22 16:44:20,2025-10-22 20:44:20+00:00,Open Short,SELL,180.477425205,11893.84,-643.970825,True,2025-10-22 20:44:17+00:00,SELL,80,"TradFi | [""WARM""] | isHighlight=False | isNarrative=False"," *US SANCTIONS RUSSIA'S ROSNEFT, LUKOIL OIL COS",3.0,0.05,0.0008333333333333334
247,2025-10-22 16:57:06,2025-10-22 20:57:06+00:00,Open Short,SELL,179.7663537258,11932.18,-643.501308,True,2025-10-22 20:57:01+00:00,SELL,80,TruthSocial,"<p>‚ÄúTreasury Sanctions Major Russian Oil Companies, Calls on Moscow to Immediately Agree to Ceasefir",5.0,0.08333333333333333,0.001388888888888889
250,2025-10-22 17:34:14,2025-10-22 21:34:14+00:00,Open Short,SELL,177.6620839881,12414.85,-661.694402,True,2025-10-22 21:34:10+00:00,SELL,80,Twitter,"TRUMP: AS OF TODAY, STOPPED ALL PAYMENTS GOING TO COLOMBIA @WalterBloomberg",4.0,0.06666666666666667,0.0011111111111111111
252,2025-10-22 17:42:06,2025-10-22 21:42:06+00:00,Open Long,BUY,178.4165718518,12252.65,-655.822689,True,2025-10-22 19:59:31+00:00,BUY,90,TruthSocial,"<p>Wilton Simpson is the strong and highly popular Agriculture Commissioner for Florida, my ‚ÄúHome‚Äù S",6155.0,102.58333333333333,1.7097222222222221
254,2025-10-22 20:06:22,2025-10-23 00:06:22+00:00,Open Short,SELL,179.9324615195,11990.48,-647.242926,True,2025-10-23 00:06:09+00:00,SELL,85,TruthSocial,<p>Ask former President Barack Hussein Obama whether or not he really believes that in 2020 Joe Bide,13.0,0.21666666666666667,0.003611111111111111
256,2025-10-23 01:00:05,2025-10-23 05:00:05+00:00,Open Long,BUY,184.0340981157,11686.2,-645.197728,True,2025-10-23 05:00:00+00:00,BUY,95,Economic Event | [] | isHighlight=False | isNarrative=False,*SINGAPORE SEPT. CORE CPI RISES 0.4% Y/Y; EST. +0.2%,5.0,0.08333333333333333,0.001388888888888889
258,2025-10-23 19:01:03,2025-10-23 23:01:03+00:00,Open Long,BUY,190.5809608037,11330.41,-647.808062,True,2025-10-23 23:01:00+00:00,BUY,95,Economic Event | [] | isHighlight=False | isNarrative=False,*UK OCT. GFK CONSUMER CONFIDENCE RISES TO -17; EST. -20,3.0,0.05,0.0008333333333333334
260,2025-10-23 22:39:22,2025-10-24 02:39:22+00:00,Open Short,SELL,191.8260135177,11245.98,-647.181402,True,2025-10-23 22:16:41+00:00,SELL,80,TruthSocial,"<p><a href=""https://www.breitbart.com/politics/2025/10/21/exclusive-trumps-dhs-issues-nearly-10-bill",15761.0,262.68333333333334,4.378055555555555
262,2025-10-23 23:15:59,2025-10-24 03:15:59+00:00,Open Short,SELL,191.6721907824,11257.12,-647.302993,True,2025-10-24 03:15:50+00:00,SELL,80,TruthSocial,<p>The Ronald Reagan Foundation has just announced that Canada has fraudulently used an advertisemen,9.0,0.15,0.0025
264,2025-10-24 02:00:07,2025-10-24 06:00:07+00:00,Open Long,BUY,193.1952728378,11167.99,-647.280747,True,2025-10-24 06:00:01+00:00,BUY,95,"Economic Event | [""WARM""] | isHighlight=False | isNarrative=False",*UK SEPT. RETAIL SALES RISE 1.5% Y/Y; EST. +0.4%,6.0,0.1,0.0016666666666666668
265,2025-10-24 02:00:07,2025-10-24 06:00:07+00:00,Open Long,BUY,193.2638782986,11167.99,-647.510649,True,2025-10-24 06:00:01+00:00,BUY,95,"Economic Event | [""WARM""] | isHighlight=False | isNarrative=False",*UK SEPT. RETAIL SALES RISE 1.5% Y/Y; EST. +0.4%,6.0,0.1,0.0016666666666666668
266,2025-10-24 02:00:07,2025-10-24 06:00:07+00:00,Open Long,BUY,193.4390982084,11167.99,-648.0977,True,2025-10-24 06:00:01+00:00,BUY,95,"Economic Event | [""WARM""] | isHighlight=False | isNarrative=False",*UK SEPT. RETAIL SALES RISE 1.5% Y/Y; EST. +0.4%,6.0,0.1,0.0016666666666666668
267,2025-10-24 02:00:08,2025-10-24 06:00:08+00:00,Open Long,BUY,193.6235724684,11169.14,-648.782589,True,2025-10-24 06:00:01+00:00,BUY,95,"Economic Event | [""WARM""] | isHighlight=False | isNarrative=False",*UK SEPT. RETAIL SALES RISE 1.5% Y/Y; EST. +0.4%,7.0,0.11666666666666667,0.0019444444444444444
272,2025-10-24 04:30:03,2025-10-24 08:30:03+00:00,Open Long,BUY,192.3094882734,11220.25,-647.32811,True,2025-10-24 08:30:00+00:00,BUY,95,"Economic Event | [""WARM""] | isHighlight=False | isNarrative=False",*UK OCT. MANUFACTURING PMI AT 49.6; EST. 46.6,3.0,0.05,0.0008333333333333334
273,2025-10-24 04:30:03,2025-10-24 08:30:03+00:00,Open Long,BUY,192.4302627214,11220.25,-647.734638,True,2025-10-24 08:30:00+00:00,BUY,95,"Economic Event | [""WARM""] | isHighlight=False | isNarrative=False",*UK OCT. MANUFACTURING PMI AT 49.6; EST. 46.6,3.0,0.05,0.0008333333333333334
276,2025-10-24 05:08:56,2025-10-24 09:08:56+00:00,Open Long,BUY,193.123870213,11177.24,-647.577503,True,2025-10-24 08:30:00+00:00,BUY,95,"Economic Event | [""WARM""] | isHighlight=False | isNarrative=False",*UK OCT. MANUFACTURING PMI AT 49.6; EST. 46.6,2336.0,38.93333333333333,0.6488888888888888
278,2025-10-24 07:29:15,2025-10-24 11:29:15+00:00,Open Long,BUY,191.5475963361,11268.88,-647.558003,True,2025-10-24 08:30:00+00:00,BUY,95,"Economic Event | [""WARM""] | isHighlight=False | isNarrative=False",*UK OCT. MANUFACTURING PMI AT 49.6; EST. 46.6,10755.0,179.25,2.9875
280,2025-10-24 08:30:12,2025-10-24 12:30:12+00:00,Open Long,BUY,195.414064119,11183.9,-655.647356,True,2025-10-24 12:30:11+00:00,BUY,95,Twitter | [] | isHighlight=False | isNarrative=True,US CPI (Sep):<br/><br/>Headline (MoM): 0.3% vs. 0.4% exp. (prior 0.4%)<br/><br/>Core (MoM): 0.2% vs.,1.0,0.016666666666666666,0.0002777777777777778
281,2025-10-24 08:30:16,2025-10-24 12:30:16+00:00,Open Long,BUY,194.7266232598,11081.96,-647.385773,True,2025-10-24 12:30:11+00:00,BUY,95,Twitter | [] | isHighlight=False | isNarrative=True,US CPI (Sep):<br/><br/>Headline (MoM): 0.3% vs. 0.4% exp. (prior 0.4%)<br/><br/>Core (MoM): 0.2% vs.,5.0,0.08333333333333333,0.001388888888888889
282,2025-10-24 08:30:18,2025-10-24 12:30:18+00:00,Open Long,BUY,194.7470562251,11054.14,-645.828356,True,2025-10-24 12:30:11+00:00,BUY,95,Twitter | [] | isHighlight=False | isNarrative=True,US CPI (Sep):<br/><br/>Headline (MoM): 0.3% vs. 0.4% exp. (prior 0.4%)<br/><br/>Core (MoM): 0.2% vs.,7.0,0.11666666666666667,0.0019444444444444444
283,2025-10-24 08:30:28,2025-10-24 12:30:28+00:00,Open Long,BUY,195.4649040008,11083.95,-649.956918,True,2025-10-24 12:30:24+00:00,BUY,95,Twitter,üö® U.S. SEP CPI +0.3% (CONSENSUS +0.4%) @WalterBloomberg,4.0,0.06666666666666667,0.0011111111111111111
284,2025-10-24 08:30:59,2025-10-24 12:30:59+00:00,Open Long,BUY,195.4480406046,11015.49,-645.886731,True,2025-10-24 12:30:52+00:00,BUY,95,Twitter,"*US SEPT. CONSUMER PRICES RISE 0.3% M/M; EST. +0.4%
*US SEPT. CONSUMER PRICES RISE 3% Y/Y; EST. +3.1",7.0,0.11666666666666667,0.0019444444444444444
290,2025-10-24 09:17:40,2025-10-24 13:17:40+00:00,Open Long,BUY,193.7371925531,11139.16,-647.420821,True,2025-10-24 13:17:35+00:00,BUY,85,Twitter,"BITCOIN JUMPS ON SOFTER U.S. INFLATION, BOOSTING RATE-CUT BETS

Bitcoin rose to $111,992 after Septe",5.0,0.08333333333333333,0.001388888888888889
292,2025-10-24 09:45:07,2025-10-24 13:45:07+00:00,Open Long,BUY,191.5775490702,11256.83,-646.966711,True,2025-10-24 13:45:00+00:00,BUY,95,"Economic Event | [""WARM""] | isHighlight=False | isNarrative=False",*US S&P OCT. SERVICES PMI AT 55.2; EST. 53.5,7.0,0.11666666666666667,0.0019444444444444444
293,2025-10-24 09:45:08,2025-10-24 13:45:08+00:00,Open Long,BUY,191.6470485504,11260.06,-647.387115,True,2025-10-24 13:45:00+00:00,BUY,95,"Economic Event | [""WARM""] | isHighlight=False | isNarrative=False",*US S&P OCT. SERVICES PMI AT 55.2; EST. 53.5,8.0,0.13333333333333333,0.0022222222222222222
294,2025-10-24 09:45:37,2025-10-24 13:45:37+00:00,Open Long,BUY,191.8691053721,11255.07,-647.850015,True,2025-10-24 13:45:32+00:00,BUY,95,Twitter,"*US S&amp;P OCT. MANUFACTURING PMI AT 52.2; EST. 52.0

*US S&amp;P OCT. SERVICES PMI AT 55.2; EST. 5",5.0,0.08333333333333333,0.001388888888888889
298,2025-10-24 09:53:45,2025-10-24 13:53:45+00:00,Open Short,SELL,191.5955588285,11257.12,-647.044202,True,2025-10-24 03:15:50+00:00,SELL,80,TruthSocial,<p>The Ronald Reagan Foundation has just announced that Canada has fraudulently used an advertisemen,38275.0,637.9166666666666,10.631944444444445
300,2025-10-24 19:18:25,2025-10-24 23:18:25+00:00,Open Long,BUY,193.0820053025,11172.03,-647.13532,True,2025-10-24 23:18:13+00:00,BUY,95,TruthSocial,<p>Congressman Andrew Clyde is doing a truly fantastic job representing the Great People of Georgia‚Äô,12.0,0.2,0.0033333333333333335
302,2025-10-25 00:51:52,2025-10-25 04:51:52+00:00,Open Long,BUY,193.6835933727,11145.49,-647.609508,True,2025-10-25 04:51:41+00:00,BUY,90,TruthSocial,<p>Congressman Eli Crane is an America First Patriot who is doing an incredible job representing Ari,11.0,0.18333333333333332,0.0030555555555555557
303,2025-10-25 00:52:12,2025-10-25 04:52:12+00:00,Open Long,BUY,193.8276858758,11139.16,-647.723224,True,2025-10-25 04:52:00+00:00,BUY,92,TruthSocial,"<p>Congressman Nick Langworthy is an America First Patriot, who is doing a fantastic job representin",12.0,0.2,0.0033333333333333335
304,2025-10-25 00:52:21,2025-10-25 04:52:21+00:00,Open Long,BUY,193.995815513,11130.54,-647.783402,True,2025-10-25 04:52:00+00:00,BUY,92,TruthSocial,"<p>Congressman Nick Langworthy is an America First Patriot, who is doing a fantastic job representin",21.0,0.35,0.005833333333333334
305,2025-10-25 00:52:29,2025-10-25 04:52:29+00:00,Open Long,BUY,194.0908713769,11123.66,-647.700191,True,2025-10-25 04:52:23+00:00,BUY,90,TruthSocial,<p>Congressman Keith Self is a Tremendous Advocate for the Great People of Texas‚Äô 3rd Congressional ,6.0,0.1,0.0016666666666666668
306,2025-10-25 00:52:37,2025-10-25 04:52:37+00:00,Open Long,BUY,194.1418146713,11122.51,-647.803218,True,2025-10-25 04:52:23+00:00,BUY,90,TruthSocial,<p>Congressman Keith Self is a Tremendous Advocate for the Great People of Texas‚Äô 3rd Congressional ,14.0,0.23333333333333334,0.0038888888888888888
307,2025-10-25 00:52:47,2025-10-25 04:52:47+00:00,Open Long,BUY,194.3123787319,11112.77,-647.80457,True,2025-10-25 04:52:41+00:00,BUY,90,TruthSocial,"<p>Congressman Lance Gooden is an America First Patriot, who is doing a fantastic job representing T",6.0,0.1,0.0016666666666666668
308,2025-10-25 00:52:57,2025-10-25 04:52:57+00:00,Open Long,BUY,194.4180917705,3700.97,-215.860609,True,2025-10-25 04:52:51+00:00,BUY,90,TruthSocial,<p>Congressman Jake Ellzey is an America First Patriot who is doing an incredible job representing T,6.0,0.1,0.0016666666666666668
310,2025-10-25 08:43:42,2025-10-25 12:43:42+00:00,Open Long,BUY,193.3335550734,11166.83,-647.676838,True,2025-10-25 12:43:37+00:00,BUY,93,TruthSocial,<p>Congressman Chuck Edwards is a MAGA Warrior who is doing a fantastic job representing North Carol,5.0,0.08333333333333333,0.001388888888888889
311,2025-10-25 08:43:46,2025-10-25 12:43:46+00:00,Open Long,BUY,193.4609147207,11166.25,-648.069837,True,2025-10-25 12:43:37+00:00,BUY,93,TruthSocial,<p>Congressman Chuck Edwards is a MAGA Warrior who is doing a fantastic job representing North Carol,9.0,0.15,0.0025
312,2025-10-25 08:44:20,2025-10-25 12:44:20+00:00,Open Long,BUY,193.5250024251,11154.13,-647.580848,True,2025-10-25 12:44:13+00:00,BUY,90,TruthSocial,<p>Congressman Mike Ezell is a fantastic Representative for the wonderful People of Mississippi‚Äôs 4t,7.0,0.11666666666666667,0.0019444444444444444
313,2025-10-25 08:44:45,2025-10-25 12:44:45+00:00,Open Long,BUY,193.735974817,11147.22,-647.885202,True,2025-10-25 12:44:38+00:00,BUY,90,TruthSocial,<p>Congressman Darin LaHood is a Tremendous Champion for Illinois‚Äô 16th Congressional District!<br/>,7.0,0.11666666666666667,0.0019444444444444444
314,2025-10-25 08:44:57,2025-10-25 12:44:57+00:00,Open Long,BUY,193.8378288399,11139.16,-647.757112,True,2025-10-25 12:44:53+00:00,BUY,90,TruthSocial,"<p>Congressman Marlin Stutzman is an America First Patriot, who is doing an incredible job represent",4.0,0.06666666666666667,0.0011111111111111111
315,2025-10-25 08:45:12,2025-10-25 12:45:12+00:00,Open Long,BUY,193.9347001023,10444.73,-607.678564,True,2025-10-25 12:45:07+00:00,BUY,90,TruthSocial,<p>Congressman Andy Ogles is doing a fantastic job representing the incredible people of Tennessee‚Äôs,5.0,0.08333333333333333,0.001388888888888889
318,2025-10-26 00:58:11,2025-10-26 04:58:11+00:00,Open Short,SELL,192.7781869031,24230.09,-1401.30974,True,2025-10-25 21:43:11+00:00,SELL,80,TruthSocial,"<p>RT <span class=""h-card""><a href=""https://truthsocial.com/@realDonaldTrump"" class=""u-url mention"">",26100.0,435.0,7.25
